note_id,encounter_id,patient_id,date,text
N0001,E0001,P001,2023-07-24,"Outpatient behavioral health follow-up visit. PHQ-9 score 9, consistent with mild depressive symptoms. GAD-7 score 3. Current medications: lisinopril, prazosin. Patient reports frequently missing doses due to side effects. Safety screening negative. Will coordinate with primary care."
N0002,E0002,P001,2024-02-04,"Outpatient behavioral health follow-up visit. PHQ-9 score 9, consistent with mild depressive symptoms. GAD-7 score 4. Current medications: lisinopril, prazosin. Patient reports frequently missing doses due to side effects. Safety screening negative. Will coordinate with primary care."
N0003,E0003,P001,2024-02-10,"Outpatient behavioral health follow-up visit. PHQ-9 score 5, consistent with mild depressive symptoms. GAD-7 score 6. Current medications: lisinopril, prazosin. Patient reports frequently missing doses due to side effects. Safety screening negative. Referred to psychotherapy."
N0004,E0004,P001,2024-05-05,"Outpatient behavioral health follow-up visit. PHQ-9 score 9, consistent with mild depressive symptoms. GAD-7 score 8. Current medications: lisinopril, prazosin. Patient reports frequently missing doses due to side effects. Safety screening negative. Follow-up in four weeks."
N0005,E0005,P001,2025-01-10,"Outpatient behavioral health follow-up visit. PHQ-9 score 7, consistent with mild depressive symptoms. GAD-7 score 1. Current medications: lisinopril, prazosin. Patient reports frequently missing doses due to side effects. Safety screening negative. Sleep hygiene counseling provided."
N0006,E0006,P002,2024-07-20,"Outpatient behavioral health follow-up visit. PHQ-9 score 9, consistent with mild depressive symptoms. GAD-7 score 8. Current medications: buspirone, trazodone. Patient reports taking medications as prescribed. Safety screening negative. Referred to psychotherapy."
N0007,E0007,P002,2024-09-22,"Outpatient behavioral health follow-up visit. PHQ-9 score 10, consistent with moderate depressive symptoms. GAD-7 score 10. Current medications: buspirone, trazodone. Patient reports taking medications as prescribed. Safety screening negative. Referred to psychotherapy."
N0008,E0008,P002,2025-01-19,"Outpatient behavioral health follow-up visit. PHQ-9 score 9, consistent with mild depressive symptoms. GAD-7 score 3. Current medications: buspirone, trazodone. Patient reports taking medications as prescribed. Safety screening negative. Will coordinate with primary care."
N0009,E0009,P003,2024-06-01,"Outpatient behavioral health follow-up visit. PHQ-9 score 5, consistent with mild depressive symptoms. GAD-7 score 3. Current medications: lisinopril, trazodone. Patient reports taking medications as prescribed. Safety screening negative. Will coordinate with primary care."
N0010,E0010,P003,2024-07-25,"Outpatient behavioral health follow-up visit. PHQ-9 score 6, consistent with mild depressive symptoms. GAD-7 score 3. Current medications: lisinopril, trazodone. Patient reports taking medications as prescribed. Safety screening negative. Referred to psychotherapy."
N0011,E0011,P003,2024-11-19,"Outpatient behavioral health follow-up visit. PHQ-9 score 6, consistent with mild depressive symptoms. GAD-7 score 3. Current medications: lisinopril, trazodone. Patient reports taking medications as prescribed. Safety screening negative. Will coordinate with primary care."
N0012,E0012,P004,2024-09-19,"Outpatient behavioral health follow-up visit. PHQ-9 score 9, consistent with mild depressive symptoms. GAD-7 score 9. Current medications: sertraline. Patient reports taking medications as prescribed. Safety screening negative. Sleep hygiene counseling provided."
N0013,E0013,P004,2024-10-12,"Outpatient behavioral health follow-up visit. PHQ-9 score 7, consistent with mild depressive symptoms. GAD-7 score 5. Current medications: sertraline. Patient reports taking medications as prescribed. Safety screening negative. Referred to psychotherapy."
N0014,E0014,P004,2024-11-25,"Outpatient behavioral health follow-up visit. PHQ-9 score 5, consistent with mild depressive symptoms. GAD-7 score 1. Current medications: sertraline. Patient reports taking medications as prescribed. Safety screening negative. Referred to psychotherapy."
N0015,E0015,P005,2023-03-28,"Outpatient behavioral health follow-up visit. PHQ-9 score 16, consistent with moderately severe depressive symptoms. GAD-7 score 9. Current medications: buspirone, escitalopram, trazodone. Patient reports taking medications as prescribed. Safety screening negative. Sleep hygiene counseling provided."
N0016,E0016,P005,2024-02-07,"Outpatient behavioral health follow-up visit. PHQ-9 score 12, consistent with moderate depressive symptoms. GAD-7 score 8. Current medications: buspirone, escitalopram, trazodone. Patient reports taking medications as prescribed. Safety screening negative. Follow-up in four weeks."
N0017,E0017,P005,2025-03-23,"Patient brought to the emergency department after a panic episode at work. PHQ-9 score 9, consistent with mild depressive symptoms. GAD-7 score 8. Current medications: buspirone, escitalopram, trazodone. Patient reports taking medications as prescribed. Safety screening negative. Sleep hygiene counseling provided."
N0018,E0018,P006,2024-02-07,"Outpatient behavioral health follow-up visit. PHQ-9 score 14, consistent with moderate depressive symptoms. GAD-7 score 8. Current medications: lithium, metformin, prazosin. Patient reports taking medications as prescribed. Safety screening negative. Follow-up in four weeks."
N0019,E0019,P006,2024-06-06,"Patient admitted to the inpatient psychiatric unit for stabilization. PHQ-9 score 13, consistent with moderate depressive symptoms. GAD-7 score 9. Current medications: lithium, metformin, prazosin. Patient reports taking medications as prescribed. Safety screening negative. Referred to psychotherapy."
N0020,E0020,P006,2025-04-12,"Outpatient behavioral health follow-up visit. PHQ-9 score 12, consistent with moderate depressive symptoms. GAD-7 score 6. Current medications: lithium, metformin, prazosin. Patient reports taking medications as prescribed. Safety screening negative. Referred to psychotherapy."
N0021,E0021,P006,2025-06-09,"Outpatient behavioral health follow-up visit. PHQ-9 score 9, consistent with mild depressive symptoms. GAD-7 score 9. Current medications: lithium, metformin, prazosin. Patient reports taking medications as prescribed. Safety screening negative. Follow-up in four weeks."
N0022,E0022,P007,2024-08-16,"Outpatient behavioral health follow-up visit. PHQ-9 score 10, consistent with moderate depressive symptoms. GAD-7 score 8. Current medications: escitalopram, lisinopril, naltrexone. Patient reports taking medications as prescribed. Safety screening negative. Will coordinate with primary care."
N0023,E0023,P007,2024-10-16,"Outpatient behavioral health follow-up visit. PHQ-9 score 6, consistent with mild depressive symptoms. GAD-7 score 1. Current medications: escitalopram, lisinopril, naltrexone. Patient reports taking medications as prescribed. Safety screening negative. Follow-up in four weeks."
N0024,E0024,P007,2024-10-19,"Outpatient behavioral health follow-up visit. PHQ-9 score 5, consistent with mild depressive symptoms. GAD-7 score 2. Current medications: escitalopram, lisinopril, naltrexone. Patient reports taking medications as prescribed. Safety screening negative. Will coordinate with primary care."
N0025,E0025,P007,2025-04-24,"Outpatient behavioral health follow-up visit. PHQ-9 score 5, consistent with mild depressive symptoms. GAD-7 score 2. Current medications: escitalopram, lisinopril, naltrexone. Patient reports taking medications as prescribed. Safety screening negative. Follow-up in four weeks."
N0026,E0026,P008,2023-01-20,"Outpatient behavioral health follow-up visit. PHQ-9 score 11, consistent with moderate depressive symptoms. GAD-7 score 4. Current medications: acamprosate, escitalopram, prazosin. Patient reports frequently missing doses due to side effects. Safety screening negative. Sleep hygiene counseling provided."
N0027,E0027,P008,2023-10-12,"Outpatient behavioral health follow-up visit. PHQ-9 score 10, consistent with moderate depressive symptoms. GAD-7 score 4. Current medications: acamprosate, escitalopram, prazosin. Patient reports frequently missing doses due to side effects. Safety screening negative. Will coordinate with primary care."
N0028,E0028,P008,2023-10-30,"Outpatient behavioral health follow-up visit. PHQ-9 score 7, consistent with mild depressive symptoms. GAD-7 score 1. Current medications: acamprosate, escitalopram, prazosin. Patient reports frequently missing doses due to side effects. Safety screening negative. Follow-up in four weeks."
N0029,E0029,P008,2024-08-18,"Outpatient behavioral health follow-up visit. PHQ-9 score 11, consistent with moderate depressive symptoms. GAD-7 score 9. Current medications: acamprosate, escitalopram, prazosin. Patient reports frequently missing doses due to side effects. Safety screening negative. Follow-up in four weeks."
N0030,E0030,P008,2024-11-25,"Outpatient behavioral health follow-up visit. PHQ-9 score 10, consistent with moderate depressive symptoms. GAD-7 score 10. Current medications: acamprosate, escitalopram, prazosin. Patient reports frequently missing doses due to side effects. Safety screening negative. Follow-up in four weeks."
N0031,E0031,P009,2023-01-23,"Outpatient behavioral health follow-up visit. PHQ-9 score 5, consistent with mild depressive symptoms. GAD-7 score 5. Current medications: metformin, naltrexone, sertraline, trazodone. Patient reports taking medications as prescribed. Safety screening negative. Follow-up in four weeks."
N0032,E0032,P009,2023-06-29,"Outpatient behavioral health follow-up visit. PHQ-9 score 6, consistent with mild depressive symptoms. GAD-7 score 7. Current medications: metformin, naltrexone, sertraline, trazodone. Patient reports taking medications as prescribed. Safety screening negative. Follow-up in four weeks."
N0033,E0033,P009,2024-01-11,"Outpatient behavioral health follow-up visit. PHQ-9 score 7, consistent with mild depressive symptoms. GAD-7 score 1. Current medications: metformin, naltrexone, sertraline, trazodone. Patient reports taking medications as prescribed. Safety screening negative. Referred to psychotherapy."
N0034,E0034,P009,2024-12-24,"Outpatient behavioral health follow-up visit. PHQ-9 score 9, consistent with mild depressive symptoms. GAD-7 score 9. Current medications: metformin, naltrexone, sertraline, trazodone. Patient reports taking medications as prescribed. Safety screening negative. Sleep hygiene counseling provided."
N0035,E0035,P009,2025-02-16,"Patient presented to the emergency department with acute anxiety and chest tightness. PHQ-9 score 11, consistent with moderate depressive symptoms. GAD-7 score 7. Current medications: metformin, naltrexone, sertraline, trazodone. Patient reports taking medications as prescribed. Safety screening negative. Sleep hygiene counseling provided."
N0036,E0036,P010,2023-08-14,"Outpatient behavioral health follow-up visit. PHQ-9 score 13, consistent with moderate depressive symptoms. GAD-7 score 11. Current medications: bupropion. Patient reports taking medications as prescribed. Safety screening negative. Sleep hygiene counseling provided."
N0037,E0037,P010,2024-02-21,"Patient presented to the emergency department with acute anxiety and chest tightness. PHQ-9 score 13, consistent with moderate depressive symptoms. GAD-7 score 10. Current medications: bupropion. Patient reports taking medications as prescribed. Safety screening negative. Referred to psychotherapy."
N0038,E0038,P010,2024-12-18,"Outpatient behavioral health follow-up visit. PHQ-9 score 12, consistent with moderate depressive symptoms. GAD-7 score 7. Current medications: bupropion. Patient reports taking medications as prescribed. Safety screening negative. Follow-up in four weeks."
N0039,E0039,P010,2025-01-16,"Patient brought to the emergency department after a panic episode at work. PHQ-9 score 9, consistent with mild depressive symptoms. GAD-7 score 4. Current medications: bupropion. Patient reports taking medications as prescribed. Safety screening negative. Sleep hygiene counseling provided."
N0040,E0040,P011,2023-04-14,"Outpatient behavioral health follow-up visit. PHQ-9 score 9, consistent with mild depressive symptoms. GAD-7 score 3. Current medications: escitalopram, metformin, prazosin. Patient reports taking medications as prescribed. Safety screening negative. Follow-up in four weeks."
N0041,E0041,P011,2023-05-19,"Outpatient behavioral health follow-up visit. PHQ-9 score 4, consistent with minimal depressive symptoms. GAD-7 score 2. Current medications: escitalopram, metformin, prazosin. Patient reports taking medications as prescribed. Safety screening negative. Sleep hygiene counseling provided."
N0042,E0042,P011,2024-02-15,"Outpatient behavioral health follow-up visit. PHQ-9 score 6, consistent with mild depressive symptoms. GAD-7 score 3. Current medications: escitalopram, metformin, prazosin. Patient reports taking medications as prescribed. Safety screening negative. Will coordinate with primary care."
N0043,E0043,P011,2024-06-03,"Outpatient behavioral health follow-up visit. PHQ-9 score 1, consistent with minimal depressive symptoms. GAD-7 score 2. Current medications: escitalopram, metformin, prazosin. Patient reports taking medications as prescribed. Safety screening negative. Will coordinate with primary care."
N0044,E0044,P012,2023-03-31,"Outpatient behavioral health follow-up visit. PHQ-9 score 18, consistent with moderately severe depressive symptoms. GAD-7 score 13. Current medications: trazodone, venlafaxine. Patient reports taking medications as prescribed. Safety screening negative. Will coordinate with primary care."
N0045,E0045,P012,2023-08-04,"Outpatient behavioral health follow-up visit. PHQ-9 score 17, consistent with moderately severe depressive symptoms. GAD-7 score 13. Current medications: trazodone, venlafaxine. Patient reports taking medications as prescribed. Safety screening negative. Sleep hygiene counseling provided."
N0046,E0046,P012,2024-09-12,"Outpatient behavioral health follow-up visit. PHQ-9 score 14, consistent with moderate depressive symptoms. GAD-7 score 8. Current medications: trazodone, venlafaxine. Patient reports taking medications as prescribed. Safety screening negative. Sleep hygiene counseling provided."
N0047,E0047,P012,2024-12-21,"Emergency visit for worsening depressed mood and inability to sleep for several days. PHQ-9 score 18, consistent with moderately severe depressive symptoms. GAD-7 score 12. Current medications: trazodone, venlafaxine. Patient reports taking medications as prescribed. Safety screening negative. Referred to psychotherapy."
N0048,E0048,P012,2025-01-23,"Outpatient behavioral health follow-up visit. PHQ-9 score 15, consistent with moderately severe depressive symptoms. GAD-7 score 8. Current medications: trazodone, venlafaxine. Patient reports taking medications as prescribed. Safety screening negative. Follow-up in four weeks."
N0049,E0049,P012,2025-01-29,"Outpatient behavioral health follow-up visit. PHQ-9 score 14, consistent with moderate depressive symptoms. GAD-7 score 7. Current medications: trazodone, venlafaxine. Patient reports taking medications as prescribed. Safety screening negative. Referred to psychotherapy."
N0050,E0050,P012,2025-03-23,"Outpatient behavioral health follow-up visit. PHQ-9 score 15, consistent with moderately severe depressive symptoms. GAD-7 score 9. Current medications: trazodone, venlafaxine. Patient reports taking medications as prescribed. Safety screening negative. Sleep hygiene counseling provided."
N0051,E0051,P013,2023-03-07,"Outpatient behavioral health follow-up visit. PHQ-9 score 0, consistent with minimal depressive symptoms. GAD-7 score 0. Current medications: escitalopram. Patient reports taking medications as prescribed. Safety screening negative. Sleep hygiene counseling provided."
N0052,E0052,P013,2023-09-17,"Patient presented to the emergency department with acute anxiety and chest tightness. PHQ-9 score 4, consistent with minimal depressive symptoms. GAD-7 score 5. Current medications: escitalopram. Patient reports taking medications as prescribed. Safety screening negative. Will coordinate with primary care."
N0053,E0053,P013,2024-04-24,"Outpatient behavioral health follow-up visit. PHQ-9 score 6, consistent with mild depressive symptoms. GAD-7 score 5. Current medications: escitalopram. Patient reports taking medications as prescribed. Safety screening negative. Sleep hygiene counseling provided."
N0054,E0054,P013,2024-07-23,"Outpatient behavioral health follow-up visit. PHQ-9 score 7, consistent with mild depressive symptoms. GAD-7 score 7. Current medications: escitalopram. Patient reports taking medications as prescribed. Safety screening negative. Sleep hygiene counseling provided."
N0055,E0055,P013,2024-11-20,"Patient admitted to the inpatient psychiatric unit for stabilization. PHQ-9 score 7, consistent with mild depressive symptoms. GAD-7 score 2. Current medications: escitalopram. Patient reports taking medications as prescribed. Safety screening negative. Will coordinate with primary care."
N0056,E0056,P014,2024-04-10,"Outpatient behavioral health follow-up visit. PHQ-9 score 5, consistent with mild depressive symptoms. GAD-7 score 0. Current medications: lisinopril. Patient reports taking medications as prescribed. Safety screening negative. Will coordinate with primary care."
N0057,E0057,P014,2024-10-16,"Outpatient behavioral health follow-up visit. PHQ-9 score 8, consistent with mild depressive symptoms. GAD-7 score 2. Current medications: lisinopril. Patient reports taking medications as prescribed. Safety screening negative. Sleep hygiene counseling provided."
N0058,E0058,P014,2024-11-18,"Outpatient behavioral health follow-up visit. PHQ-9 score 7, consistent with mild depressive symptoms. GAD-7 score 6. Current medications: lisinopril. Patient reports taking medications as prescribed. Safety screening negative. Referred to psychotherapy."
N0059,E0059,P014,2024-12-20,"Outpatient behavioral health follow-up visit. PHQ-9 score 10, consistent with moderate depressive symptoms. GAD-7 score 8. Current medications: lisinopril. Patient reports taking medications as prescribed. Safety screening negative. Sleep hygiene counseling provided."
N0060,E0060,P014,2025-04-08,"Emergency visit for worsening depressed mood and inability to sleep for several days. PHQ-9 score 12, consistent with moderate depressive symptoms. GAD-7 score 10. Current medications: lisinopril. Patient reports taking medications as prescribed. Safety screening negative. Sleep hygiene counseling provided."
N0061,E0061,P015,2023-01-05,"Patient admitted to the inpatient psychiatric unit for stabilization. PHQ-9 score 15, consistent with moderately severe depressive symptoms. GAD-7 score 7. Current medications: escitalopram. Patient reports taking medications as prescribed. Safety screening negative. Referred to psychotherapy."
N0062,E0062,P015,2024-08-09,"Outpatient behavioral health follow-up visit. PHQ-9 score 15, consistent with moderately severe depressive symptoms. GAD-7 score 7. Current medications: escitalopram. Patient reports taking medications as prescribed. Safety screening negative. Follow-up in four weeks."
N0063,E0063,P015,2024-10-07,"Outpatient behavioral health follow-up visit. PHQ-9 score 9, consistent with mild depressive symptoms. GAD-7 score 7. Current medications: escitalopram. Patient reports taking medications as prescribed. Safety screening negative. Sleep hygiene counseling provided."
N0064,E0064,P015,2025-06-06,"Outpatient behavioral health follow-up visit. PHQ-9 score 7, consistent with mild depressive symptoms. GAD-7 score 6. Current medications: escitalopram. Patient reports taking medications as prescribed. Safety screening negative. Will coordinate with primary care."
N0065,E0065,P016,2023-05-03,"Outpatient behavioral health follow-up visit. PHQ-9 score 15, consistent with moderately severe depressive symptoms. GAD-7 score 13. Current medications: buspirone, venlafaxine. Patient reports taking medications as prescribed. Safety screening negative. Will coordinate with primary care."
N0066,E0066,P016,2024-08-08,"Outpatient behavioral health follow-up visit. PHQ-9 score 14, consistent with moderate depressive symptoms. GAD-7 score 9. Current medications: buspirone, venlafaxine. Patient reports taking medications as prescribed. Safety screening negative. Follow-up in four weeks."
N0067,E0067,P016,2024-08-22,"Outpatient behavioral health follow-up visit. PHQ-9 score 20, consistent with severe depressive symptoms. GAD-7 score 12. Current medications: buspirone, venlafaxine. Patient reports taking medications as prescribed. Safety screening negative. Referred to psychotherapy."
N0068,E0068,P017,2023-02-06,"Outpatient behavioral health follow-up visit. PHQ-9 score 16, consistent with moderately severe depressive symptoms. GAD-7 score 13. Current medications: sertraline, trazodone. Patient reports frequently missing doses due to side effects. Safety screening negative. Sleep hygiene counseling provided."
N0069,E0069,P017,2023-04-13,"Patient presented to the emergency department with acute anxiety and chest tightness. PHQ-9 score 19, consistent with moderately severe depressive symptoms. GAD-7 score 13. Current medications: sertraline, trazodone. Patient reports frequently missing doses due to side effects. Safety screening negative. Will coordinate with primary care."
N0070,E0070,P017,2023-04-23,"Outpatient behavioral health follow-up visit. PHQ-9 score 21, consistent with severe depressive symptoms. GAD-7 score 11. Current medications: sertraline, trazodone. Patient reports frequently missing doses due to side effects. Safety screening negative. Referred to psychotherapy."
N0071,E0071,P017,2023-07-01,"Patient admitted to the inpatient psychiatric unit for stabilization. PHQ-9 score 23, consistent with severe depressive symptoms. GAD-7 score 17. Current medications: sertraline, trazodone. Patient reports frequently missing doses due to side effects. Safety screening positive for passive thoughts of death; safety plan reviewed and crisis resources provided. Follow-up in four weeks."
N0072,E0072,P017,2024-02-06,"Outpatient behavioral health follow-up visit. PHQ-9 score 25, consistent with severe depressive symptoms. GAD-7 score 15. Current medications: sertraline, trazodone. Patient reports frequently missing doses due to side effects. Safety screening negative. Will coordinate with primary care."
N0073,E0073,P017,2024-02-15,"Outpatient behavioral health follow-up visit. PHQ-9 score 25, consistent with severe depressive symptoms. GAD-7 score 14. Current medications: sertraline, trazodone. Patient reports frequently missing doses due to side effects. Safety screening positive for passive thoughts of death; safety plan reviewed and crisis resources provided. Referred to psychotherapy."
N0074,E0074,P017,2025-01-24,"Outpatient behavioral health follow-up visit. PHQ-9 score 27, consistent with severe depressive symptoms. GAD-7 score 18. Current medications: sertraline, trazodone. Patient reports frequently missing doses due to side effects. Safety screening negative. Will coordinate with primary care."
N0075,E0075,P018,2023-03-26,"Outpatient behavioral health follow-up visit. PHQ-9 score 1, consistent with minimal depressive symptoms. GAD-7 score 1. Current medications: buspirone, lisinopril. Patient reports taking medications as prescribed. Safety screening negative. Will coordinate with primary care."
N0076,E0076,P018,2023-05-01,"Outpatient behavioral health follow-up visit. PHQ-9 score 0, consistent with minimal depressive symptoms. GAD-7 score 2. Current medications: buspirone, lisinopril. Patient reports taking medications as prescribed. Safety screening negative. Follow-up in four weeks."
N0077,E0077,P018,2023-09-08,"Outpatient behavioral health follow-up visit. PHQ-9 score 0, consistent with minimal depressive symptoms. GAD-7 score 0. Current medications: buspirone, lisinopril. Patient reports taking medications as prescribed. Safety screening negative. Will coordinate with primary care."
N0078,E0078,P018,2023-10-02,"Outpatient behavioral health follow-up visit. PHQ-9 score 0, consistent with minimal depressive symptoms. GAD-7 score 0. Current medications: buspirone, lisinopril. Patient reports taking medications as prescribed. Safety screening negative. Referred to psychotherapy."
N0079,E0079,P018,2024-01-21,"Outpatient behavioral health follow-up visit. PHQ-9 score 0, consistent with minimal depressive symptoms. GAD-7 score 1. Current medications: buspirone, lisinopril. Patient reports taking medications as prescribed. Safety screening negative. Referred to psychotherapy."
N0080,E0080,P018,2024-07-07,"Outpatient behavioral health follow-up visit. PHQ-9 score 0, consistent with minimal depressive symptoms. GAD-7 score 0. Current medications: buspirone, lisinopril. Patient reports taking medications as prescribed. Safety screening negative. Sleep hygiene counseling provided."
N0081,E0081,P018,2025-05-03,"Outpatient behavioral health follow-up visit. PHQ-9 score 0, consistent with minimal depressive symptoms. GAD-7 score 0. Current medications: buspirone, lisinopril. Patient reports taking medications as prescribed. Safety screening negative. Follow-up in four weeks."
N0082,E0082,P019,2023-02-07,"Outpatient behavioral health follow-up visit. PHQ-9 score 4, consistent with minimal depressive symptoms. GAD-7 score 4. Current medications: sertraline. Patient reports frequently missing doses due to side effects. Safety screening negative. Will coordinate with primary care."
N0083,E0083,P019,2023-04-15,"Outpatient behavioral health follow-up visit. PHQ-9 score 0, consistent with minimal depressive symptoms. GAD-7 score 0. Current medications: sertraline. Patient reports frequently missing doses due to side effects. Safety screening negative. Referred to psychotherapy."
N0084,E0084,P019,2023-12-12,"Outpatient behavioral health follow-up visit. PHQ-9 score 0, consistent with minimal depressive symptoms. GAD-7 score 0. Current medications: sertraline. Patient reports frequently missing doses due to side effects. Safety screening negative. Follow-up in four weeks."
N0085,E0085,P019,2024-03-20,"Outpatient behavioral health follow-up visit. PHQ-9 score 0, consistent with minimal depressive symptoms. GAD-7 score 0. Current medications: sertraline. Patient reports frequently missing doses due to side effects. Safety screening negative. Will coordinate with primary care."
N0086,E0086,P019,2025-01-23,"Emergency visit for worsening depressed mood and inability to sleep for several days. PHQ-9 score 0, consistent with minimal depressive symptoms. GAD-7 score 0. Current medications: sertraline. Patient reports frequently missing doses due to side effects. Safety screening negative. Follow-up in four weeks."
N0087,E0087,P020,2023-05-28,"Outpatient behavioral health follow-up visit. PHQ-9 score 14, consistent with moderate depressive symptoms. GAD-7 score 11. Current medications: venlafaxine. Patient reports taking medications as prescribed. Safety screening negative. Will coordinate with primary care."
N0088,E0088,P020,2024-02-25,"Outpatient behavioral health follow-up visit. PHQ-9 score 18, consistent with moderately severe depressive symptoms. GAD-7 score 10. Current medications: venlafaxine. Patient reports taking medications as prescribed. Safety screening negative. Will coordinate with primary care."
N0089,E0089,P020,2024-04-17,"Patient admitted to the inpatient psychiatric unit for stabilization. PHQ-9 score 19, consistent with moderately severe depressive symptoms. GAD-7 score 10. Current medications: venlafaxine. Patient reports taking medications as prescribed. Safety screening negative. Sleep hygiene counseling provided."
N0090,E0090,P020,2024-11-11,"Outpatient behavioral health follow-up visit. PHQ-9 score 20, consistent with severe depressive symptoms. GAD-7 score 13. Current medications: venlafaxine. Patient reports taking medications as prescribed. Safety screening negative. Follow-up in four weeks."
N0091,E0091,P021,2024-01-02,"Outpatient behavioral health follow-up visit. PHQ-9 score 9, consistent with mild depressive symptoms. GAD-7 score 8. Current medications: bupropion, naltrexone, sertraline, trazodone. Patient reports taking medications as prescribed. Safety screening negative. Referred to psychotherapy."
N0092,E0092,P021,2024-05-15,"Outpatient behavioral health follow-up visit. PHQ-9 score 12, consistent with moderate depressive symptoms. GAD-7 score 7. Current medications: bupropion, naltrexone, sertraline, trazodone. Patient reports taking medications as prescribed. Safety screening negative. Will coordinate with primary care."
N0093,E0093,P021,2024-07-27,"Outpatient behavioral health follow-up visit. PHQ-9 score 14, consistent with moderate depressive symptoms. GAD-7 score 9. Current medications: bupropion, naltrexone, sertraline, trazodone. Patient reports taking medications as prescribed. Safety screening negative. Will coordinate with primary care."
N0094,E0094,P021,2024-08-07,"Patient brought to the emergency department after a panic episode at work. PHQ-9 score 13, consistent with moderate depressive symptoms. GAD-7 score 9. Current medications: bupropion, naltrexone, sertraline, trazodone. Patient reports taking medications as prescribed. Safety screening negative. Will coordinate with primary care."
N0095,E0095,P021,2024-08-26,"Outpatient behavioral health follow-up visit. PHQ-9 score 14, consistent with moderate depressive symptoms. GAD-7 score 11. Current medications: bupropion, naltrexone, sertraline, trazodone. Patient reports taking medications as prescribed. Safety screening negative. Referred to psychotherapy."
N0096,E0096,P021,2024-12-15,"Outpatient behavioral health follow-up visit. PHQ-9 score 17, consistent with moderately severe depressive symptoms. GAD-7 score 13. Current medications: bupropion, naltrexone, sertraline, trazodone. Patient reports taking medications as prescribed. Safety screening negative. Sleep hygiene counseling provided."
N0097,E0097,P021,2025-02-07,"Outpatient behavioral health follow-up visit. PHQ-9 score 18, consistent with moderately severe depressive symptoms. GAD-7 score 11. Current medications: bupropion, naltrexone, sertraline, trazodone. Patient reports taking medications as prescribed. Safety screening negative. Will coordinate with primary care."
N0098,E0098,P022,2024-03-05,"Emergency visit for worsening depressed mood and inability to sleep for several days. PHQ-9 score 14, consistent with moderate depressive symptoms. GAD-7 score 9. Current medications: bupropion, metformin, sertraline. Patient reports frequently missing doses due to side effects. Safety screening negative. Referred to psychotherapy."
N0099,E0099,P022,2024-07-12,"Outpatient behavioral health follow-up visit. PHQ-9 score 15, consistent with moderately severe depressive symptoms. GAD-7 score 10. Current medications: bupropion, metformin, sertraline. Patient reports frequently missing doses due to side effects. Safety screening negative. Will coordinate with primary care."
N0100,E0100,P022,2024-12-23,"Outpatient behavioral health follow-up visit. PHQ-9 score 13, consistent with moderate depressive symptoms. GAD-7 score 11. Current medications: bupropion, metformin, sertraline. Patient reports frequently missing doses due to side effects. Safety screening negative. Will coordinate with primary care."
N0101,E0101,P022,2025-03-02,"Outpatient behavioral health follow-up visit. PHQ-9 score 13, consistent with moderate depressive symptoms. GAD-7 score 12. Current medications: bupropion, metformin, sertraline. Patient reports frequently missing doses due to side effects. Safety screening negative. Sleep hygiene counseling provided."
N0102,E0102,P022,2025-06-02,"Patient admitted to the inpatient psychiatric unit for stabilization. PHQ-9 score 11, consistent with moderate depressive symptoms. GAD-7 score 10. Current medications: bupropion, metformin, sertraline. Patient reports frequently missing doses due to side effects. Safety screening negative. Follow-up in four weeks."
N0103,E0103,P022,2025-06-05,"Outpatient behavioral health follow-up visit. PHQ-9 score 12, consistent with moderate depressive symptoms. GAD-7 score 11. Current medications: bupropion, metformin, sertraline. Patient reports frequently missing doses due to side effects. Safety screening negative. Sleep hygiene counseling provided."
N0104,E0104,P023,2023-02-03,"Outpatient behavioral health follow-up visit. PHQ-9 score 7, consistent with mild depressive symptoms. GAD-7 score 3. Current medications: bupropion. Patient reports taking medications as prescribed. Safety screening negative. Follow-up in four weeks."
N0105,E0105,P023,2023-02-19,"Outpatient behavioral health follow-up visit. PHQ-9 score 9, consistent with mild depressive symptoms. GAD-7 score 7. Current medications: bupropion. Patient reports taking medications as prescribed. Safety screening negative. Sleep hygiene counseling provided."
N0106,E0106,P023,2023-08-03,"Emergency visit for worsening depressed mood and inability to sleep for several days. PHQ-9 score 9, consistent with mild depressive symptoms. GAD-7 score 8. Current medications: bupropion. Patient reports taking medications as prescribed. Safety screening negative. Referred to psychotherapy."
N0107,E0107,P023,2023-08-28,"Outpatient behavioral health follow-up visit. PHQ-9 score 10, consistent with moderate depressive symptoms. GAD-7 score 10. Current medications: bupropion. Patient reports taking medications as prescribed. Safety screening negative. Follow-up in four weeks."
N0108,E0108,P023,2024-02-05,"Outpatient behavioral health follow-up visit. PHQ-9 score 7, consistent with mild depressive symptoms. GAD-7 score 7. Current medications: bupropion. Patient reports taking medications as prescribed. Safety screening negative. Referred to psychotherapy."
N0109,E0109,P023,2025-01-10,"Outpatient behavioral health follow-up visit. PHQ-9 score 6, consistent with mild depressive symptoms. GAD-7 score 2. Current medications: bupropion. Patient reports taking medications as prescribed. Safety screening negative. Sleep hygiene counseling provided."
N0110,E0110,P023,2025-04-12,"Outpatient behavioral health follow-up visit. PHQ-9 score 9, consistent with mild depressive symptoms. GAD-7 score 5. Current medications: bupropion. Patient reports taking medications as prescribed. Safety screening negative. Sleep hygiene counseling provided."
N0111,E0111,P024,2024-01-18,"Patient admitted to the inpatient psychiatric unit for stabilization. PHQ-9 score 2, consistent with minimal depressive symptoms. GAD-7 score 0. Current medications: amlodipine, buspirone. Patient reports taking medications as prescribed. Safety screening negative. Will coordinate with primary care."
N0112,E0112,P024,2024-02-09,"Outpatient behavioral health follow-up visit. PHQ-9 score 3, consistent with minimal depressive symptoms. GAD-7 score 0. Current medications: amlodipine, buspirone. Patient reports taking medications as prescribed. Safety screening negative. Sleep hygiene counseling provided."
N0113,E0113,P024,2024-10-07,"Patient admitted to the inpatient psychiatric unit for stabilization. PHQ-9 score 7, consistent with mild depressive symptoms. GAD-7 score 5. Current medications: amlodipine, buspirone. Patient reports taking medications as prescribed. Safety screening negative. Sleep hygiene counseling provided."
N0114,E0114,P024,2024-12-27,"Outpatient behavioral health follow-up visit. PHQ-9 score 7, consistent with mild depressive symptoms. GAD-7 score 4. Current medications: amlodipine, buspirone. Patient reports taking medications as prescribed. Safety screening negative. Will coordinate with primary care."
N0115,E0115,P025,2023-07-31,"Patient brought to the emergency department after a panic episode at work. PHQ-9 score 16, consistent with moderately severe depressive symptoms. GAD-7 score 10. Current medications: acamprosate, buspirone, prazosin, venlafaxine. Patient reports taking medications as prescribed. Safety screening negative. Will coordinate with primary care."
N0116,E0116,P025,2023-12-14,"Outpatient behavioral health follow-up visit. PHQ-9 score 16, consistent with moderately severe depressive symptoms. GAD-7 score 12. Current medications: acamprosate, buspirone, prazosin, venlafaxine. Patient reports taking medications as prescribed. Safety screening negative. Sleep hygiene counseling provided."
N0117,E0117,P025,2024-05-19,"Outpatient behavioral health follow-up visit. PHQ-9 score 15, consistent with moderately severe depressive symptoms. GAD-7 score 8. Current medications: acamprosate, buspirone, prazosin, venlafaxine. Patient reports taking medications as prescribed. Safety screening negative. Referred to psychotherapy."
N0118,E0118,P025,2025-03-18,"Outpatient behavioral health follow-up visit. PHQ-9 score 10, consistent with moderate depressive symptoms. GAD-7 score 6. Current medications: acamprosate, buspirone, prazosin, venlafaxine. Patient reports taking medications as prescribed. Safety screening negative. Will coordinate with primary care."
N0119,E0119,P026,2023-04-02,"Outpatient behavioral health follow-up visit. PHQ-9 score 9, consistent with mild depressive symptoms. GAD-7 score 9. Current medications: escitalopram. Patient reports taking medications as prescribed. Safety screening negative. Referred to psychotherapy."
N0120,E0120,P026,2023-10-15,"Outpatient behavioral health follow-up visit. PHQ-9 score 7, consistent with mild depressive symptoms. GAD-7 score 7. Current medications: escitalopram. Patient reports taking medications as prescribed. Safety screening negative. Sleep hygiene counseling provided."
N0121,E0121,P026,2023-10-15,"Outpatient behavioral health follow-up visit. PHQ-9 score 1, consistent with minimal depressive symptoms. GAD-7 score 0. Current medications: escitalopram. Patient reports taking medications as prescribed. Safety screening negative. Follow-up in four weeks."
N0122,E0122,P026,2024-01-20,"Outpatient behavioral health follow-up visit. PHQ-9 score 3, consistent with minimal depressive symptoms. GAD-7 score 2. Current medications: escitalopram. Patient reports taking medications as prescribed. Safety screening negative. Referred to psychotherapy."
N0123,E0123,P026,2024-08-10,"Outpatient behavioral health follow-up visit. PHQ-9 score 0, consistent with minimal depressive symptoms. GAD-7 score 0. Current medications: escitalopram. Patient reports taking medications as prescribed. Safety screening negative. Follow-up in four weeks."
N0124,E0124,P027,2023-01-27,"Outpatient behavioral health follow-up visit. PHQ-9 score 9, consistent with mild depressive symptoms. GAD-7 score 6. Current medications: escitalopram, lisinopril, metformin, prazosin. Patient reports taking medications as prescribed. Safety screening negative. Referred to psychotherapy."
N0125,E0125,P027,2023-10-27,"Outpatient behavioral health follow-up visit. PHQ-9 score 6, consistent with mild depressive symptoms. GAD-7 score 2. Current medications: escitalopram, lisinopril, metformin, prazosin. Patient reports taking medications as prescribed. Safety screening negative. Will coordinate with primary care."
N0126,E0126,P027,2024-01-05,"Outpatient behavioral health follow-up visit. PHQ-9 score 4, consistent with minimal depressive symptoms. GAD-7 score 1. Current medications: escitalopram, lisinopril, metformin, prazosin. Patient reports taking medications as prescribed. Safety screening negative. Follow-up in four weeks."
N0127,E0127,P027,2024-01-24,"Outpatient behavioral health follow-up visit. PHQ-9 score 1, consistent with minimal depressive symptoms. GAD-7 score 3. Current medications: escitalopram, lisinopril, metformin, prazosin. Patient reports taking medications as prescribed. Safety screening negative. Referred to psychotherapy."
N0128,E0128,P027,2024-05-11,"Outpatient behavioral health follow-up visit. PHQ-9 score 0, consistent with minimal depressive symptoms. GAD-7 score 3. Current medications: escitalopram, lisinopril, metformin, prazosin. Patient reports taking medications as prescribed. Safety screening negative. Sleep hygiene counseling provided."
N0129,E0129,P028,2023-09-10,"Outpatient behavioral health follow-up visit. PHQ-9 score 14, consistent with moderate depressive symptoms. GAD-7 score 12. Current medications: lithium, prazosin, sertraline, trazodone. Patient reports frequently missing doses due to side effects. Safety screening negative. Will coordinate with primary care."
N0130,E0130,P028,2024-04-24,"Patient presented to the emergency department with acute anxiety and chest tightness. PHQ-9 score 12, consistent with moderate depressive symptoms. GAD-7 score 6. Current medications: lithium, prazosin, sertraline, trazodone. Patient reports frequently missing doses due to side effects. Safety screening negative. Will coordinate with primary care."
N0131,E0131,P028,2025-02-07,"Outpatient behavioral health follow-up visit. PHQ-9 score 15, consistent with moderately severe depressive symptoms. GAD-7 score 11. Current medications: lithium, prazosin, sertraline, trazodone. Patient reports frequently missing doses due to side effects. Safety screening negative. Will coordinate with primary care."
N0132,E0132,P029,2024-08-16,"Outpatient behavioral health follow-up visit. PHQ-9 score 12, consistent with moderate depressive symptoms. GAD-7 score 10. Current medications: amlodipine, escitalopram, metformin. Patient reports taking medications as prescribed. Safety screening negative. Referred to psychotherapy."
N0133,E0133,P029,2024-10-14,"Patient presented to the emergency department with acute anxiety and chest tightness. PHQ-9 score 11, consistent with moderate depressive symptoms. GAD-7 score 8. Current medications: amlodipine, escitalopram, metformin. Patient reports taking medications as prescribed. Safety screening negative. Follow-up in four weeks."
N0134,E0134,P029,2025-01-30,"Outpatient behavioral health follow-up visit. PHQ-9 score 16, consistent with moderately severe depressive symptoms. GAD-7 score 12. Current medications: amlodipine, escitalopram, metformin. Patient reports taking medications as prescribed. Safety screening negative. Follow-up in four weeks."
N0135,E0135,P030,2023-04-29,"Outpatient behavioral health follow-up visit. PHQ-9 score 13, consistent with moderate depressive symptoms. GAD-7 score 12. Current medications: bupropion, escitalopram. Patient reports taking medications as prescribed. Safety screening negative. Will coordinate with primary care."
N0136,E0136,P030,2024-02-07,"Outpatient behavioral health follow-up visit. PHQ-9 score 14, consistent with moderate depressive symptoms. GAD-7 score 10. Current medications: bupropion, escitalopram. Patient reports taking medications as prescribed. Safety screening negative. Follow-up in four weeks."
N0137,E0137,P030,2024-06-19,"Patient presented to the emergency department with acute anxiety and chest tightness. PHQ-9 score 17, consistent with moderately severe depressive symptoms. GAD-7 score 13. Current medications: bupropion, escitalopram. Patient reports taking medications as prescribed. Safety screening negative. Sleep hygiene counseling provided."
N0138,E0138,P031,2023-03-26,"Outpatient behavioral health follow-up visit. PHQ-9 score 6, consistent with mild depressive symptoms. GAD-7 score 2. Current medications: metformin. Patient reports frequently missing doses due to side effects. Safety screening negative. Sleep hygiene counseling provided."
N0139,E0139,P031,2024-01-03,"Outpatient behavioral health follow-up visit. PHQ-9 score 3, consistent with minimal depressive symptoms. GAD-7 score 5. Current medications: metformin. Patient reports frequently missing doses due to side effects. Safety screening negative. Referred to psychotherapy."
N0140,E0140,P031,2024-01-21,"Outpatient behavioral health follow-up visit. PHQ-9 score 2, consistent with minimal depressive symptoms. GAD-7 score 4. Current medications: metformin. Patient reports frequently missing doses due to side effects. Safety screening negative. Will coordinate with primary care."
N0141,E0141,P031,2024-11-25,"Patient brought to the emergency department after a panic episode at work. PHQ-9 score 3, consistent with minimal depressive symptoms. GAD-7 score 0. Current medications: metformin. Patient reports frequently missing doses due to side effects. Safety screening negative. Referred to psychotherapy."
N0142,E0142,P031,2025-04-25,"Outpatient behavioral health follow-up visit. PHQ-9 score 5, consistent with mild depressive symptoms. GAD-7 score 6. Current medications: metformin. Patient reports frequently missing doses due to side effects. Safety screening negative. Sleep hygiene counseling provided."
N0143,E0143,P032,2023-01-21,"Outpatient behavioral health follow-up visit. PHQ-9 score 5, consistent with mild depressive symptoms. GAD-7 score 6. Current medications: acamprosate, metformin. Patient reports taking medications as prescribed. Safety screening negative. Sleep hygiene counseling provided."
N0144,E0144,P032,2023-07-09,"Outpatient behavioral health follow-up visit. PHQ-9 score 4, consistent with minimal depressive symptoms. GAD-7 score 1. Current medications: acamprosate, metformin. Patient reports taking medications as prescribed. Safety screening negative. Sleep hygiene counseling provided."
N0145,E0145,P032,2023-12-06,"Outpatient behavioral health follow-up visit. PHQ-9 score 6, consistent with mild depressive symptoms. GAD-7 score 3. Current medications: acamprosate, metformin. Patient reports taking medications as prescribed. Safety screening negative. Follow-up in four weeks."
N0146,E0146,P032,2025-05-31,"Patient brought to the emergency department after a panic episode at work. PHQ-9 score 10, consistent with moderate depressive symptoms. GAD-7 score 7. Current medications: acamprosate, metformin. Patient reports taking medications as prescribed. Safety screening negative. Follow-up in four weeks."
N0147,E0147,P032,2025-06-08,"Outpatient behavioral health follow-up visit. PHQ-9 score 9, consistent with mild depressive symptoms. GAD-7 score 5. Current medications: acamprosate, metformin. Patient reports taking medications as prescribed. Safety screening negative. Referred to psychotherapy."
N0148,E0148,P033,2023-02-21,"Outpatient behavioral health follow-up visit. PHQ-9 score 0, consistent with minimal depressive symptoms. GAD-7 score 0. Current medications: sertraline. Patient reports taking medications as prescribed. Safety screening negative. Will coordinate with primary care."
N0149,E0149,P033,2023-04-26,"Outpatient behavioral health follow-up visit. PHQ-9 score 2, consistent with minimal depressive symptoms. GAD-7 score 1. Current medications: sertraline. Patient reports taking medications as prescribed. Safety screening negative. Will coordinate with primary care."
N0150,E0150,P033,2023-08-22,"Outpatient behavioral health follow-up visit. PHQ-9 score 0, consistent with minimal depressive symptoms. GAD-7 score 0. Current medications: sertraline. Patient reports taking medications as prescribed. Safety screening negative. Referred to psychotherapy."
N0151,E0151,P033,2024-02-14,"Outpatient behavioral health follow-up visit. PHQ-9 score 0, consistent with minimal depressive symptoms. GAD-7 score 3. Current medications: sertraline. Patient reports taking medications as prescribed. Safety screening negative. Will coordinate with primary care."
N0152,E0152,P033,2024-02-26,"Patient admitted to the inpatient psychiatric unit for stabilization. PHQ-9 score 3, consistent with minimal depressive symptoms. GAD-7 score 3. Current medications: sertraline. Patient reports taking medications as prescribed. Safety screening negative. Will coordinate with primary care."
N0153,E0153,P034,2023-09-24,"Outpatient behavioral health follow-up visit. PHQ-9 score 8, consistent with mild depressive symptoms. GAD-7 score 2. Current medications: naltrexone, sertraline. Patient reports frequently missing doses due to side effects. Safety screening negative. Will coordinate with primary care."
N0154,E0154,P034,2024-04-16,"Outpatient behavioral health follow-up visit. PHQ-9 score 7, consistent with mild depressive symptoms. GAD-7 score 2. Current medications: naltrexone, sertraline. Patient reports frequently missing doses due to side effects. Safety screening negative. Sleep hygiene counseling provided."
N0155,E0155,P034,2024-10-23,"Outpatient behavioral health follow-up visit. PHQ-9 score 11, consistent with moderate depressive symptoms. GAD-7 score 5. Current medications: naltrexone, sertraline. Patient reports frequently missing doses due to side effects. Safety screening negative. Will coordinate with primary care."
N0156,E0156,P034,2024-10-27,"Outpatient behavioral health follow-up visit. PHQ-9 score 8, consistent with mild depressive symptoms. GAD-7 score 3. Current medications: naltrexone, sertraline. Patient reports frequently missing doses due to side effects. Safety screening negative. Follow-up in four weeks."
N0157,E0157,P034,2025-02-02,"Outpatient behavioral health follow-up visit. PHQ-9 score 11, consistent with moderate depressive symptoms. GAD-7 score 8. Current medications: naltrexone, sertraline. Patient reports frequently missing doses due to side effects. Safety screening negative. Referred to psychotherapy."
N0158,E0158,P035,2023-09-11,"Outpatient behavioral health follow-up visit. PHQ-9 score 10, consistent with moderate depressive symptoms. GAD-7 score 7. Current medications: lisinopril, trazodone. Patient reports frequently missing doses due to side effects. Safety screening negative. Referred to psychotherapy."
N0159,E0159,P035,2023-10-23,"Outpatient behavioral health follow-up visit. PHQ-9 score 4, consistent with minimal depressive symptoms. GAD-7 score 0. Current medications: lisinopril, trazodone. Patient reports frequently missing doses due to side effects. Safety screening negative. Will coordinate with primary care."
N0160,E0160,P035,2024-02-11,"Outpatient behavioral health follow-up visit. PHQ-9 score 6, consistent with mild depressive symptoms. GAD-7 score 7. Current medications: lisinopril, trazodone. Patient reports frequently missing doses due to side effects. Safety screening negative. Follow-up in four weeks."
N0161,E0161,P035,2024-03-17,"Outpatient behavioral health follow-up visit. PHQ-9 score 0, consistent with minimal depressive symptoms. GAD-7 score 3. Current medications: lisinopril, trazodone. Patient reports frequently missing doses due to side effects. Safety screening negative. Follow-up in four weeks."
N0162,E0162,P035,2024-04-10,"Outpatient behavioral health follow-up visit. PHQ-9 score 2, consistent with minimal depressive symptoms. GAD-7 score 0. Current medications: lisinopril, trazodone. Patient reports frequently missing doses due to side effects. Safety screening negative. Referred to psychotherapy."
N0163,E0163,P035,2024-04-21,"Patient presented to the emergency department with acute anxiety and chest tightness. PHQ-9 score 0, consistent with minimal depressive symptoms. GAD-7 score 0. Current medications: lisinopril, trazodone. Patient reports frequently missing doses due to side effects. Safety screening negative. Will coordinate with primary care."
N0164,E0164,P036,2023-02-21,"Outpatient behavioral health follow-up visit. PHQ-9 score 4, consistent with minimal depressive symptoms. GAD-7 score 4. Current medications: amlodipine, sertraline. Patient reports taking medications as prescribed. Safety screening negative. Will coordinate with primary care."
N0165,E0165,P036,2024-07-14,"Patient brought to the emergency department after a panic episode at work. PHQ-9 score 4, consistent with minimal depressive symptoms. GAD-7 score 2. Current medications: amlodipine, sertraline. Patient reports taking medications as prescribed. Safety screening negative. Referred to psychotherapy."
N0166,E0166,P036,2024-08-14,"Outpatient behavioral health follow-up visit. PHQ-9 score 8, consistent with mild depressive symptoms. GAD-7 score 5. Current medications: amlodipine, sertraline. Patient reports taking medications as prescribed. Safety screening negative. Will coordinate with primary care."
N0167,E0167,P036,2024-12-16,"Outpatient behavioral health follow-up visit. PHQ-9 score 11, consistent with moderate depressive symptoms. GAD-7 score 4. Current medications: amlodipine, sertraline. Patient reports taking medications as prescribed. Safety screening negative. Referred to psychotherapy."
N0168,E0168,P037,2023-03-23,"Outpatient behavioral health follow-up visit. PHQ-9 score 5, consistent with mild depressive symptoms. GAD-7 score 0. Current medications: escitalopram. Patient reports taking medications as prescribed. Safety screening negative. Will coordinate with primary care."
N0169,E0169,P037,2023-06-09,"Emergency visit for worsening depressed mood and inability to sleep for several days. PHQ-9 score 7, consistent with mild depressive symptoms. GAD-7 score 6. Current medications: escitalopram. Patient reports taking medications as prescribed. Safety screening negative. Referred to psychotherapy."
N0170,E0170,P037,2023-11-05,"Outpatient behavioral health follow-up visit. PHQ-9 score 11, consistent with moderate depressive symptoms. GAD-7 score 9. Current medications: escitalopram. Patient reports taking medications as prescribed. Safety screening negative. Sleep hygiene counseling provided."
N0171,E0171,P037,2024-05-15,"Outpatient behavioral health follow-up visit. PHQ-9 score 10, consistent with moderate depressive symptoms. GAD-7 score 10. Current medications: escitalopram. Patient reports taking medications as prescribed. Safety screening negative. Sleep hygiene counseling provided."
N0172,E0172,P037,2024-09-02,"Outpatient behavioral health follow-up visit. PHQ-9 score 12, consistent with moderate depressive symptoms. GAD-7 score 7. Current medications: escitalopram. Patient reports taking medications as prescribed. Safety screening negative. Referred to psychotherapy."
N0173,E0173,P038,2024-08-12,"Outpatient behavioral health follow-up visit. PHQ-9 score 4, consistent with minimal depressive symptoms. GAD-7 score 1. Current medications: metformin. Patient reports taking medications as prescribed. Safety screening negative. Will coordinate with primary care."
N0174,E0174,P038,2024-08-19,"Outpatient behavioral health follow-up visit. PHQ-9 score 2, consistent with minimal depressive symptoms. GAD-7 score 4. Current medications: metformin. Patient reports taking medications as prescribed. Safety screening negative. Will coordinate with primary care."
N0175,E0175,P038,2024-10-21,"Outpatient behavioral health follow-up visit. PHQ-9 score 8, consistent with mild depressive symptoms. GAD-7 score 6. Current medications: metformin. Patient reports taking medications as prescribed. Safety screening negative. Follow-up in four weeks."
N0176,E0176,P039,2023-10-16,"Outpatient behavioral health follow-up visit. PHQ-9 score 11, consistent with moderate depressive symptoms. GAD-7 score 8. Current medications: escitalopram. Patient reports taking medications as prescribed. Safety screening negative. Sleep hygiene counseling provided."
N0177,E0177,P039,2024-10-08,"Outpatient behavioral health follow-up visit. PHQ-9 score 9, consistent with mild depressive symptoms. GAD-7 score 7. Current medications: escitalopram. Patient reports taking medications as prescribed. Safety screening negative. Will coordinate with primary care."
N0178,E0178,P039,2025-05-28,"Outpatient behavioral health follow-up visit. PHQ-9 score 10, consistent with moderate depressive symptoms. GAD-7 score 7. Current medications: escitalopram. Patient reports taking medications as prescribed. Safety screening negative. Follow-up in four weeks."
N0179,E0179,P040,2023-04-05,"Outpatient behavioral health follow-up visit. PHQ-9 score 1, consistent with minimal depressive symptoms. GAD-7 score 1. Current medications: buspirone. Patient reports frequently missing doses due to side effects. Safety screening negative. Sleep hygiene counseling provided."
N0180,E0180,P040,2023-07-29,"Outpatient behavioral health follow-up visit. PHQ-9 score 1, consistent with minimal depressive symptoms. GAD-7 score 0. Current medications: buspirone. Patient reports frequently missing doses due to side effects. Safety screening negative. Sleep hygiene counseling provided."
N0181,E0181,P040,2024-02-15,"Outpatient behavioral health follow-up visit. PHQ-9 score 3, consistent with minimal depressive symptoms. GAD-7 score 0. Current medications: buspirone. Patient reports frequently missing doses due to side effects. Safety screening negative. Sleep hygiene counseling provided."
N0182,E0182,P040,2024-03-08,"Patient presented to the emergency department with acute anxiety and chest tightness. PHQ-9 score 8, consistent with mild depressive symptoms. GAD-7 score 5. Current medications: buspirone. Patient reports frequently missing doses due to side effects. Safety screening negative. Referred to psychotherapy."
N0183,E0183,P040,2024-07-17,"Outpatient behavioral health follow-up visit. PHQ-9 score 6, consistent with mild depressive symptoms. GAD-7 score 4. Current medications: buspirone. Patient reports frequently missing doses due to side effects. Safety screening negative. Will coordinate with primary care."
N0184,E0184,P040,2024-11-17,"Outpatient behavioral health follow-up visit. PHQ-9 score 9, consistent with mild depressive symptoms. GAD-7 score 3. Current medications: buspirone. Patient reports frequently missing doses due to side effects. Safety screening negative. Sleep hygiene counseling provided."
N0185,E0185,P040,2024-11-19,"Outpatient behavioral health follow-up visit. PHQ-9 score 13, consistent with moderate depressive symptoms. GAD-7 score 6. Current medications: buspirone. Patient reports frequently missing doses due to side effects. Safety screening negative. Referred to psychotherapy."
N0186,E0186,P041,2023-04-11,"Outpatient behavioral health follow-up visit. PHQ-9 score 10, consistent with moderate depressive symptoms. GAD-7 score 7. Current medications: lisinopril, sertraline, trazodone. Patient reports frequently missing doses due to side effects. Safety screening negative. Follow-up in four weeks."
N0187,E0187,P041,2023-06-08,"Outpatient behavioral health follow-up visit. PHQ-9 score 10, consistent with moderate depressive symptoms. GAD-7 score 9. Current medications: lisinopril, sertraline, trazodone. Patient reports frequently missing doses due to side effects. Safety screening negative. Sleep hygiene counseling provided."
N0188,E0188,P041,2024-06-02,"Patient admitted to the inpatient psychiatric unit for stabilization. PHQ-9 score 8, consistent with mild depressive symptoms. GAD-7 score 8. Current medications: lisinopril, sertraline, trazodone. Patient reports frequently missing doses due to side effects. Safety screening negative. Follow-up in four weeks."
N0189,E0189,P041,2024-10-01,"Outpatient behavioral health follow-up visit. PHQ-9 score 10, consistent with moderate depressive symptoms. GAD-7 score 8. Current medications: lisinopril, sertraline, trazodone. Patient reports frequently missing doses due to side effects. Safety screening negative. Sleep hygiene counseling provided."
N0190,E0190,P041,2025-01-19,"Patient admitted to the inpatient psychiatric unit for stabilization. PHQ-9 score 9, consistent with mild depressive symptoms. GAD-7 score 5. Current medications: lisinopril, sertraline, trazodone. Patient reports frequently missing doses due to side effects. Safety screening negative. Referred to psychotherapy."
N0191,E0191,P042,2023-05-10,"Outpatient behavioral health follow-up visit. PHQ-9 score 3, consistent with minimal depressive symptoms. GAD-7 score 1. Current medications: sertraline. Patient reports frequently missing doses due to side effects. Safety screening negative. Follow-up in four weeks."
N0192,E0192,P042,2023-08-29,"Outpatient behavioral health follow-up visit. PHQ-9 score 0, consistent with minimal depressive symptoms. GAD-7 score 0. Current medications: sertraline. Patient reports frequently missing doses due to side effects. Safety screening negative. Sleep hygiene counseling provided."
N0193,E0193,P042,2024-05-27,"Outpatient behavioral health follow-up visit. PHQ-9 score 0, consistent with minimal depressive symptoms. GAD-7 score 0. Current medications: sertraline. Patient reports frequently missing doses due to side effects. Safety screening negative. Referred to psychotherapy."
N0194,E0194,P042,2025-03-14,"Outpatient behavioral health follow-up visit. PHQ-9 score 0, consistent with minimal depressive symptoms. GAD-7 score 0. Current medications: sertraline. Patient reports frequently missing doses due to side effects. Safety screening negative. Referred to psychotherapy."
N0195,E0195,P043,2024-03-29,"Outpatient behavioral health follow-up visit. PHQ-9 score 11, consistent with moderate depressive symptoms. GAD-7 score 6. Current medications: trazodone, venlafaxine. Patient reports taking medications as prescribed. Safety screening negative. Follow-up in four weeks."
N0196,E0196,P043,2024-04-29,"Outpatient behavioral health follow-up visit. PHQ-9 score 14, consistent with moderate depressive symptoms. GAD-7 score 11. Current medications: trazodone, venlafaxine. Patient reports taking medications as prescribed. Safety screening negative. Will coordinate with primary care."
N0197,E0197,P043,2024-10-04,"Outpatient behavioral health follow-up visit. PHQ-9 score 13, consistent with moderate depressive symptoms. GAD-7 score 8. Current medications: trazodone, venlafaxine. Patient reports taking medications as prescribed. Safety screening negative. Follow-up in four weeks."
N0198,E0198,P043,2024-11-06,"Outpatient behavioral health follow-up visit. PHQ-9 score 15, consistent with moderately severe depressive symptoms. GAD-7 score 12. Current medications: trazodone, venlafaxine. Patient reports taking medications as prescribed. Safety screening negative. Follow-up in four weeks."
N0199,E0199,P044,2023-01-06,"Outpatient behavioral health follow-up visit. PHQ-9 score 8, consistent with mild depressive symptoms. GAD-7 score 4. Current medications: amlodipine. Patient reports taking medications as prescribed. Safety screening negative. Sleep hygiene counseling provided."
N0200,E0200,P044,2024-05-24,"Outpatient behavioral health follow-up visit. PHQ-9 score 6, consistent with mild depressive symptoms. GAD-7 score 1. Current medications: amlodipine. Patient reports taking medications as prescribed. Safety screening negative. Will coordinate with primary care."
N0201,E0201,P044,2024-10-23,"Outpatient behavioral health follow-up visit. PHQ-9 score 5, consistent with mild depressive symptoms. GAD-7 score 4. Current medications: amlodipine. Patient reports taking medications as prescribed. Safety screening negative. Referred to psychotherapy."
N0202,E0202,P044,2024-11-02,"Outpatient behavioral health follow-up visit. PHQ-9 score 1, consistent with minimal depressive symptoms. GAD-7 score 2. Current medications: amlodipine. Patient reports taking medications as prescribed. Safety screening negative. Follow-up in four weeks."
N0203,E0203,P045,2023-03-27,"Outpatient behavioral health follow-up visit. PHQ-9 score 16, consistent with moderately severe depressive symptoms. GAD-7 score 13. Current medications: amlodipine, bupropion, trazodone. Patient reports taking medications as prescribed. Safety screening negative. Will coordinate with primary care."
N0204,E0204,P045,2025-01-25,"Outpatient behavioral health follow-up visit. PHQ-9 score 17, consistent with moderately severe depressive symptoms. GAD-7 score 9. Current medications: amlodipine, bupropion, trazodone. Patient reports taking medications as prescribed. Safety screening negative. Referred to psychotherapy."
N0205,E0205,P045,2025-03-12,"Outpatient behavioral health follow-up visit. PHQ-9 score 20, consistent with severe depressive symptoms. GAD-7 score 13. Current medications: amlodipine, bupropion, trazodone. Patient reports taking medications as prescribed. Safety screening positive for passive thoughts of death; safety plan reviewed and crisis resources provided. Sleep hygiene counseling provided."
N0206,E0206,P046,2023-03-31,"Outpatient behavioral health follow-up visit. PHQ-9 score 14, consistent with moderate depressive symptoms. GAD-7 score 6. Current medications: amlodipine, escitalopram, prazosin. Patient reports taking medications as prescribed. Safety screening negative. Referred to psychotherapy."
N0207,E0207,P046,2024-09-21,"Outpatient behavioral health follow-up visit. PHQ-9 score 19, consistent with moderately severe depressive symptoms. GAD-7 score 11. Current medications: amlodipine, escitalopram, prazosin. Patient reports taking medications as prescribed. Safety screening negative. Will coordinate with primary care."
N0208,E0208,P046,2025-04-16,"Outpatient behavioral health follow-up visit. PHQ-9 score 18, consistent with moderately severe depressive symptoms. GAD-7 score 14. Current medications: amlodipine, escitalopram, prazosin. Patient reports taking medications as prescribed. Safety screening negative. Sleep hygiene counseling provided."
N0209,E0209,P047,2023-12-24,"Outpatient behavioral health follow-up visit. PHQ-9 score 13, consistent with moderate depressive symptoms. GAD-7 score 8. Current medications: trazodone, venlafaxine. Patient reports frequently missing doses due to side effects. Safety screening negative. Follow-up in four weeks."
N0210,E0210,P047,2024-06-10,"Outpatient behavioral health follow-up visit. PHQ-9 score 12, consistent with moderate depressive symptoms. GAD-7 score 10. Current medications: trazodone, venlafaxine. Patient reports frequently missing doses due to side effects. Safety screening negative. Will coordinate with primary care."
N0211,E0211,P047,2024-12-16,"Outpatient behavioral health follow-up visit. PHQ-9 score 16, consistent with moderately severe depressive symptoms. GAD-7 score 10. Current medications: trazodone, venlafaxine. Patient reports frequently missing doses due to side effects. Safety screening negative. Sleep hygiene counseling provided."
N0212,E0212,P047,2024-12-25,"Outpatient behavioral health follow-up visit. PHQ-9 score 18, consistent with moderately severe depressive symptoms. GAD-7 score 14. Current medications: trazodone, venlafaxine. Patient reports frequently missing doses due to side effects. Safety screening negative. Sleep hygiene counseling provided."
N0213,E0213,P048,2023-05-30,"Outpatient behavioral health follow-up visit. PHQ-9 score 12, consistent with moderate depressive symptoms. GAD-7 score 10. Current medications: venlafaxine. Patient reports taking medications as prescribed. Safety screening negative. Sleep hygiene counseling provided."
N0214,E0214,P048,2024-03-26,"Outpatient behavioral health follow-up visit. PHQ-9 score 11, consistent with moderate depressive symptoms. GAD-7 score 5. Current medications: venlafaxine. Patient reports taking medications as prescribed. Safety screening negative. Sleep hygiene counseling provided."
N0215,E0215,P048,2024-10-12,"Patient brought to the emergency department after a panic episode at work. PHQ-9 score 11, consistent with moderate depressive symptoms. GAD-7 score 5. Current medications: venlafaxine. Patient reports taking medications as prescribed. Safety screening negative. Follow-up in four weeks."
N0216,E0216,P048,2025-05-21,"Outpatient behavioral health follow-up visit. PHQ-9 score 8, consistent with mild depressive symptoms. GAD-7 score 6. Current medications: venlafaxine. Patient reports taking medications as prescribed. Safety screening negative. Will coordinate with primary care."
N0217,E0217,P049,2023-10-25,"Outpatient behavioral health follow-up visit. PHQ-9 score 6, consistent with mild depressive symptoms. GAD-7 score 4. Current medications: escitalopram, trazodone. Patient reports taking medications as prescribed. Safety screening negative. Follow-up in four weeks."
N0218,E0218,P049,2024-12-08,"Outpatient behavioral health follow-up visit. PHQ-9 score 1, consistent with minimal depressive symptoms. GAD-7 score 0. Current medications: escitalopram, trazodone. Patient reports taking medications as prescribed. Safety screening negative. Will coordinate with primary care."
N0219,E0219,P049,2025-03-01,"Outpatient behavioral health follow-up visit. PHQ-9 score 0, consistent with minimal depressive symptoms. GAD-7 score 0. Current medications: escitalopram, trazodone. Patient reports taking medications as prescribed. Safety screening negative. Follow-up in four weeks."
N0220,E0220,P049,2025-03-03,"Patient admitted to the inpatient psychiatric unit for stabilization. PHQ-9 score 0, consistent with minimal depressive symptoms. GAD-7 score 2. Current medications: escitalopram, trazodone. Patient reports taking medications as prescribed. Safety screening negative. Will coordinate with primary care."
N0221,E0221,P049,2025-04-22,"Outpatient behavioral health follow-up visit. PHQ-9 score 0, consistent with minimal depressive symptoms. GAD-7 score 1. Current medications: escitalopram, trazodone. Patient reports taking medications as prescribed. Safety screening negative. Will coordinate with primary care."
N0222,E0222,P050,2023-03-04,"Patient presented to the emergency department with acute anxiety and chest tightness. PHQ-9 score 6, consistent with mild depressive symptoms. GAD-7 score 1. Current medications: sertraline. Patient reports taking medications as prescribed. Safety screening negative. Will coordinate with primary care."
N0223,E0223,P050,2023-09-13,"Outpatient behavioral health follow-up visit. PHQ-9 score 9, consistent with mild depressive symptoms. GAD-7 score 6. Current medications: sertraline. Patient reports taking medications as prescribed. Safety screening negative. Sleep hygiene counseling provided."
N0224,E0224,P050,2024-09-27,"Outpatient behavioral health follow-up visit. PHQ-9 score 12, consistent with moderate depressive symptoms. GAD-7 score 9. Current medications: sertraline. Patient reports taking medications as prescribed. Safety screening negative. Follow-up in four weeks."
N0225,E0225,P050,2025-01-23,"Outpatient behavioral health follow-up visit. PHQ-9 score 12, consistent with moderate depressive symptoms. GAD-7 score 5. Current medications: sertraline. Patient reports taking medications as prescribed. Safety screening negative. Follow-up in four weeks."
N0226,E0226,P051,2023-05-01,"Outpatient behavioral health follow-up visit. PHQ-9 score 6, consistent with mild depressive symptoms. GAD-7 score 3. Current medications: buspirone, escitalopram. Patient reports taking medications as prescribed. Safety screening negative. Will coordinate with primary care."
N0227,E0227,P051,2023-11-20,"Patient admitted to the inpatient psychiatric unit for stabilization. PHQ-9 score 11, consistent with moderate depressive symptoms. GAD-7 score 4. Current medications: buspirone, escitalopram. Patient reports taking medications as prescribed. Safety screening negative. Follow-up in four weeks."
N0228,E0228,P051,2023-11-24,"Outpatient behavioral health follow-up visit. PHQ-9 score 13, consistent with moderate depressive symptoms. GAD-7 score 9. Current medications: buspirone, escitalopram. Patient reports taking medications as prescribed. Safety screening negative. Will coordinate with primary care."
N0229,E0229,P051,2024-01-22,"Outpatient behavioral health follow-up visit. PHQ-9 score 13, consistent with moderate depressive symptoms. GAD-7 score 12. Current medications: buspirone, escitalopram. Patient reports taking medications as prescribed. Safety screening negative. Will coordinate with primary care."
N0230,E0230,P051,2024-01-23,"Outpatient behavioral health follow-up visit. PHQ-9 score 18, consistent with moderately severe depressive symptoms. GAD-7 score 10. Current medications: buspirone, escitalopram. Patient reports taking medications as prescribed. Safety screening negative. Follow-up in four weeks."
N0231,E0231,P051,2024-07-24,"Outpatient behavioral health follow-up visit. PHQ-9 score 20, consistent with severe depressive symptoms. GAD-7 score 12. Current medications: buspirone, escitalopram. Patient reports taking medications as prescribed. Safety screening negative. Follow-up in four weeks."
N0232,E0232,P051,2025-03-06,"Outpatient behavioral health follow-up visit. PHQ-9 score 22, consistent with severe depressive symptoms. GAD-7 score 16. Current medications: buspirone, escitalopram. Patient reports taking medications as prescribed. Safety screening positive for passive thoughts of death; safety plan reviewed and crisis resources provided. Referred to psychotherapy."
N0233,E0233,P052,2023-04-25,"Emergency visit for worsening depressed mood and inability to sleep for several days. PHQ-9 score 11, consistent with moderate depressive symptoms. GAD-7 score 5. Current medications: buspirone, sertraline. Patient reports frequently missing doses due to side effects. Safety screening negative. Referred to psychotherapy."
N0234,E0234,P052,2023-09-28,"Outpatient behavioral health follow-up visit. PHQ-9 score 14, consistent with moderate depressive symptoms. GAD-7 score 9. Current medications: buspirone, sertraline. Patient reports frequently missing doses due to side effects. Safety screening negative. Referred to psychotherapy."
N0235,E0235,P052,2023-12-16,"Outpatient behavioral health follow-up visit. PHQ-9 score 14, consistent with moderate depressive symptoms. GAD-7 score 8. Current medications: buspirone, sertraline. Patient reports frequently missing doses due to side effects. Safety screening negative. Follow-up in four weeks."
N0236,E0236,P052,2024-05-06,"Outpatient behavioral health follow-up visit. PHQ-9 score 16, consistent with moderately severe depressive symptoms. GAD-7 score 13. Current medications: buspirone, sertraline. Patient reports frequently missing doses due to side effects. Safety screening negative. Follow-up in four weeks."
N0237,E0237,P052,2024-12-17,"Outpatient behavioral health follow-up visit. PHQ-9 score 20, consistent with severe depressive symptoms. GAD-7 score 14. Current medications: buspirone, sertraline. Patient reports frequently missing doses due to side effects. Safety screening negative. Will coordinate with primary care."
N0238,E0238,P052,2025-04-10,"Outpatient behavioral health follow-up visit. PHQ-9 score 22, consistent with severe depressive symptoms. GAD-7 score 14. Current medications: buspirone, sertraline. Patient reports frequently missing doses due to side effects. Safety screening positive for passive thoughts of death; safety plan reviewed and crisis resources provided. Follow-up in four weeks."
N0239,E0239,P053,2023-07-01,"Emergency visit for worsening depressed mood and inability to sleep for several days. PHQ-9 score 11, consistent with moderate depressive symptoms. GAD-7 score 8. Current medications: amlodipine, lithium, trazodone. Patient reports frequently missing doses due to side effects. Safety screening negative. Follow-up in four weeks."
N0240,E0240,P053,2024-04-01,"Outpatient behavioral health follow-up visit. PHQ-9 score 9, consistent with mild depressive symptoms. GAD-7 score 6. Current medications: amlodipine, lithium, trazodone. Patient reports frequently missing doses due to side effects. Safety screening negative. Follow-up in four weeks."
N0241,E0241,P053,2024-07-17,"Outpatient behavioral health follow-up visit. PHQ-9 score 11, consistent with moderate depressive symptoms. GAD-7 score 10. Current medications: amlodipine, lithium, trazodone. Patient reports frequently missing doses due to side effects. Safety screening negative. Will coordinate with primary care."
N0242,E0242,P053,2024-12-17,"Outpatient behavioral health follow-up visit. PHQ-9 score 9, consistent with mild depressive symptoms. GAD-7 score 3. Current medications: amlodipine, lithium, trazodone. Patient reports frequently missing doses due to side effects. Safety screening negative. Sleep hygiene counseling provided."
N0243,E0243,P053,2024-12-21,"Outpatient behavioral health follow-up visit. PHQ-9 score 11, consistent with moderate depressive symptoms. GAD-7 score 6. Current medications: amlodipine, lithium, trazodone. Patient reports frequently missing doses due to side effects. Safety screening negative. Follow-up in four weeks."
N0244,E0244,P053,2025-02-15,"Outpatient behavioral health follow-up visit. PHQ-9 score 11, consistent with moderate depressive symptoms. GAD-7 score 5. Current medications: amlodipine, lithium, trazodone. Patient reports frequently missing doses due to side effects. Safety screening negative. Referred to psychotherapy."
N0245,E0245,P054,2023-03-02,"Outpatient behavioral health follow-up visit. PHQ-9 score 11, consistent with moderate depressive symptoms. GAD-7 score 8. Current medications: escitalopram, naltrexone, prazosin. Patient reports taking medications as prescribed. Safety screening negative. Follow-up in four weeks."
N0246,E0246,P054,2023-08-05,"Patient admitted to the inpatient psychiatric unit for stabilization. PHQ-9 score 12, consistent with moderate depressive symptoms. GAD-7 score 8. Current medications: escitalopram, naltrexone, prazosin. Patient reports taking medications as prescribed. Safety screening negative. Referred to psychotherapy."
N0247,E0247,P054,2024-06-17,"Outpatient behavioral health follow-up visit. PHQ-9 score 18, consistent with moderately severe depressive symptoms. GAD-7 score 14. Current medications: escitalopram, naltrexone, prazosin. Patient reports taking medications as prescribed. Safety screening negative. Follow-up in four weeks."
N0248,E0248,P054,2024-10-22,"Outpatient behavioral health follow-up visit. PHQ-9 score 19, consistent with moderately severe depressive symptoms. GAD-7 score 14. Current medications: escitalopram, naltrexone, prazosin. Patient reports taking medications as prescribed. Safety screening negative. Sleep hygiene counseling provided."
N0249,E0249,P054,2025-05-25,"Outpatient behavioral health follow-up visit. PHQ-9 score 21, consistent with severe depressive symptoms. GAD-7 score 14. Current medications: escitalopram, naltrexone, prazosin. Patient reports taking medications as prescribed. Safety screening negative. Sleep hygiene counseling provided."
N0250,E0250,P055,2023-04-29,"Outpatient behavioral health follow-up visit. PHQ-9 score 3, consistent with minimal depressive symptoms. GAD-7 score 5. Current medications: sertraline. Patient reports taking medications as prescribed. Safety screening negative. Sleep hygiene counseling provided."
N0251,E0251,P055,2023-06-28,"Outpatient behavioral health follow-up visit. PHQ-9 score 3, consistent with minimal depressive symptoms. GAD-7 score 0. Current medications: sertraline. Patient reports taking medications as prescribed. Safety screening negative. Will coordinate with primary care."
N0252,E0252,P055,2023-11-11,"Outpatient behavioral health follow-up visit. PHQ-9 score 3, consistent with minimal depressive symptoms. GAD-7 score 0. Current medications: sertraline. Patient reports taking medications as prescribed. Safety screening negative. Referred to psychotherapy."
N0253,E0253,P055,2023-12-03,"Outpatient behavioral health follow-up visit. PHQ-9 score 3, consistent with minimal depressive symptoms. GAD-7 score 0. Current medications: sertraline. Patient reports taking medications as prescribed. Safety screening negative. Will coordinate with primary care."
N0254,E0254,P055,2023-12-15,"Outpatient behavioral health follow-up visit. PHQ-9 score 2, consistent with minimal depressive symptoms. GAD-7 score 2. Current medications: sertraline. Patient reports taking medications as prescribed. Safety screening negative. Will coordinate with primary care."
N0255,E0255,P055,2024-07-18,"Outpatient behavioral health follow-up visit. PHQ-9 score 2, consistent with minimal depressive symptoms. GAD-7 score 3. Current medications: sertraline. Patient reports taking medications as prescribed. Safety screening negative. Referred to psychotherapy."
N0256,E0256,P056,2023-06-08,"Outpatient behavioral health follow-up visit. PHQ-9 score 11, consistent with moderate depressive symptoms. GAD-7 score 6. Current medications: buspirone, lithium, sertraline. Patient reports frequently missing doses due to side effects. Safety screening negative. Sleep hygiene counseling provided."
N0257,E0257,P056,2023-06-13,"Outpatient behavioral health follow-up visit. PHQ-9 score 9, consistent with mild depressive symptoms. GAD-7 score 4. Current medications: buspirone, lithium, sertraline. Patient reports frequently missing doses due to side effects. Safety screening negative. Referred to psychotherapy."
N0258,E0258,P056,2023-11-02,"Outpatient behavioral health follow-up visit. PHQ-9 score 7, consistent with mild depressive symptoms. GAD-7 score 1. Current medications: buspirone, lithium, sertraline. Patient reports frequently missing doses due to side effects. Safety screening negative. Follow-up in four weeks."
N0259,E0259,P056,2023-11-21,"Outpatient behavioral health follow-up visit. PHQ-9 score 6, consistent with mild depressive symptoms. GAD-7 score 7. Current medications: buspirone, lithium, sertraline. Patient reports frequently missing doses due to side effects. Safety screening negative. Referred to psychotherapy."
N0260,E0260,P057,2023-01-15,"Outpatient behavioral health follow-up visit. PHQ-9 score 7, consistent with mild depressive symptoms. GAD-7 score 4. Current medications: sertraline. Patient reports taking medications as prescribed. Safety screening negative. Referred to psychotherapy."
N0261,E0261,P057,2024-06-06,"Outpatient behavioral health follow-up visit. PHQ-9 score 10, consistent with moderate depressive symptoms. GAD-7 score 7. Current medications: sertraline. Patient reports taking medications as prescribed. Safety screening negative. Sleep hygiene counseling provided."
N0262,E0262,P057,2024-10-01,"Outpatient behavioral health follow-up visit. PHQ-9 score 13, consistent with moderate depressive symptoms. GAD-7 score 10. Current medications: sertraline. Patient reports taking medications as prescribed. Safety screening negative. Follow-up in four weeks."
N0263,E0263,P058,2023-06-02,"Patient brought to the emergency department after a panic episode at work. PHQ-9 score 6, consistent with mild depressive symptoms. GAD-7 score 6. Current medications: trazodone. Patient reports taking medications as prescribed. Safety screening negative. Follow-up in four weeks."
N0264,E0264,P058,2023-06-25,"Outpatient behavioral health follow-up visit. PHQ-9 score 10, consistent with moderate depressive symptoms. GAD-7 score 8. Current medications: trazodone. Patient reports taking medications as prescribed. Safety screening negative. Follow-up in four weeks."
N0265,E0265,P058,2023-07-13,"Outpatient behavioral health follow-up visit. PHQ-9 score 7, consistent with mild depressive symptoms. GAD-7 score 6. Current medications: trazodone. Patient reports taking medications as prescribed. Safety screening negative. Will coordinate with primary care."
N0266,E0266,P058,2023-07-21,"Patient presented to the emergency department with acute anxiety and chest tightness. PHQ-9 score 7, consistent with mild depressive symptoms. GAD-7 score 6. Current medications: trazodone. Patient reports taking medications as prescribed. Safety screening negative. Referred to psychotherapy."
N0267,E0267,P058,2023-09-24,"Outpatient behavioral health follow-up visit. PHQ-9 score 9, consistent with mild depressive symptoms. GAD-7 score 5. Current medications: trazodone. Patient reports taking medications as prescribed. Safety screening negative. Follow-up in four weeks."
N0268,E0268,P058,2024-11-03,"Outpatient behavioral health follow-up visit. PHQ-9 score 7, consistent with mild depressive symptoms. GAD-7 score 7. Current medications: trazodone. Patient reports taking medications as prescribed. Safety screening negative. Sleep hygiene counseling provided."
N0269,E0269,P059,2024-04-12,"Outpatient behavioral health follow-up visit. PHQ-9 score 15, consistent with moderately severe depressive symptoms. GAD-7 score 9. Current medications: escitalopram, lisinopril, trazodone. Patient reports taking medications as prescribed. Safety screening negative. Referred to psychotherapy."
N0270,E0270,P059,2024-10-17,"Outpatient behavioral health follow-up visit. PHQ-9 score 16, consistent with moderately severe depressive symptoms. GAD-7 score 9. Current medications: escitalopram, lisinopril, trazodone. Patient reports taking medications as prescribed. Safety screening negative. Follow-up in four weeks."
N0271,E0271,P059,2024-12-29,"Outpatient behavioral health follow-up visit. PHQ-9 score 13, consistent with moderate depressive symptoms. GAD-7 score 8. Current medications: escitalopram, lisinopril, trazodone. Patient reports taking medications as prescribed. Safety screening negative. Referred to psychotherapy."
N0272,E0272,P059,2025-03-18,"Patient brought to the emergency department after a panic episode at work. PHQ-9 score 11, consistent with moderate depressive symptoms. GAD-7 score 7. Current medications: escitalopram, lisinopril, trazodone. Patient reports taking medications as prescribed. Safety screening negative. Sleep hygiene counseling provided."
N0273,E0273,P060,2023-06-23,"Outpatient behavioral health follow-up visit. PHQ-9 score 10, consistent with moderate depressive symptoms. GAD-7 score 5. Current medications: trazodone, venlafaxine. Patient reports taking medications as prescribed. Safety screening negative. Sleep hygiene counseling provided."
N0274,E0274,P060,2023-07-10,"Outpatient behavioral health follow-up visit. PHQ-9 score 6, consistent with mild depressive symptoms. GAD-7 score 2. Current medications: trazodone, venlafaxine. Patient reports taking medications as prescribed. Safety screening negative. Follow-up in four weeks."
N0275,E0275,P060,2024-12-17,"Emergency visit for worsening depressed mood and inability to sleep for several days. PHQ-9 score 5, consistent with mild depressive symptoms. GAD-7 score 2. Current medications: trazodone, venlafaxine. Patient reports taking medications as prescribed. Safety screening negative. Follow-up in four weeks."
N0276,E0276,P060,2025-03-27,"Outpatient behavioral health follow-up visit. PHQ-9 score 4, consistent with minimal depressive symptoms. GAD-7 score 1. Current medications: trazodone, venlafaxine. Patient reports taking medications as prescribed. Safety screening negative. Referred to psychotherapy."
N0277,E0277,P061,2023-04-20,"Outpatient behavioral health follow-up visit. PHQ-9 score 4, consistent with minimal depressive symptoms. GAD-7 score 2. Current medications: amlodipine, escitalopram, trazodone. Patient reports taking medications as prescribed. Safety screening negative. Follow-up in four weeks."
N0278,E0278,P061,2023-04-26,"Outpatient behavioral health follow-up visit. PHQ-9 score 4, consistent with minimal depressive symptoms. GAD-7 score 5. Current medications: amlodipine, escitalopram, trazodone. Patient reports taking medications as prescribed. Safety screening negative. Sleep hygiene counseling provided."
N0279,E0279,P061,2023-05-24,"Outpatient behavioral health follow-up visit. PHQ-9 score 0, consistent with minimal depressive symptoms. GAD-7 score 2. Current medications: amlodipine, escitalopram, trazodone. Patient reports taking medications as prescribed. Safety screening negative. Sleep hygiene counseling provided."
N0280,E0280,P061,2024-06-26,"Outpatient behavioral health follow-up visit. PHQ-9 score 1, consistent with minimal depressive symptoms. GAD-7 score 3. Current medications: amlodipine, escitalopram, trazodone. Patient reports taking medications as prescribed. Safety screening negative. Follow-up in four weeks."
N0281,E0281,P061,2024-12-03,"Outpatient behavioral health follow-up visit. PHQ-9 score 3, consistent with minimal depressive symptoms. GAD-7 score 2. Current medications: amlodipine, escitalopram, trazodone. Patient reports taking medications as prescribed. Safety screening negative. Sleep hygiene counseling provided."
N0282,E0282,P061,2025-04-24,"Outpatient behavioral health follow-up visit. PHQ-9 score 2, consistent with minimal depressive symptoms. GAD-7 score 3. Current medications: amlodipine, escitalopram, trazodone. Patient reports taking medications as prescribed. Safety screening negative. Will coordinate with primary care."
N0283,E0283,P062,2023-03-05,"Outpatient behavioral health follow-up visit. PHQ-9 score 9, consistent with mild depressive symptoms. GAD-7 score 9. Current medications: escitalopram. Patient reports taking medications as prescribed. Safety screening negative. Follow-up in four weeks."
N0284,E0284,P062,2023-03-26,"Outpatient behavioral health follow-up visit. PHQ-9 score 7, consistent with mild depressive symptoms. GAD-7 score 5. Current medications: escitalopram. Patient reports taking medications as prescribed. Safety screening negative. Referred to psychotherapy."
N0285,E0285,P062,2023-07-19,"Patient admitted to the inpatient psychiatric unit for stabilization. PHQ-9 score 8, consistent with mild depressive symptoms. GAD-7 score 8. Current medications: escitalopram. Patient reports taking medications as prescribed. Safety screening negative. Will coordinate with primary care."
N0286,E0286,P062,2024-03-02,"Outpatient behavioral health follow-up visit. PHQ-9 score 7, consistent with mild depressive symptoms. GAD-7 score 2. Current medications: escitalopram. Patient reports taking medications as prescribed. Safety screening negative. Referred to psychotherapy."
N0287,E0287,P062,2024-08-16,"Outpatient behavioral health follow-up visit. PHQ-9 score 7, consistent with mild depressive symptoms. GAD-7 score 5. Current medications: escitalopram. Patient reports taking medications as prescribed. Safety screening negative. Will coordinate with primary care."
N0288,E0288,P062,2025-06-06,"Outpatient behavioral health follow-up visit. PHQ-9 score 10, consistent with moderate depressive symptoms. GAD-7 score 7. Current medications: escitalopram. Patient reports taking medications as prescribed. Safety screening negative. Follow-up in four weeks."
N0289,E0289,P063,2023-09-26,"Outpatient behavioral health follow-up visit. PHQ-9 score 12, consistent with moderate depressive symptoms. GAD-7 score 7. Current medications: metformin, quetiapine, sertraline. Patient reports taking medications as prescribed. Safety screening negative. Will coordinate with primary care."
N0290,E0290,P063,2024-10-23,"Outpatient behavioral health follow-up visit. PHQ-9 score 16, consistent with moderately severe depressive symptoms. GAD-7 score 9. Current medications: metformin, quetiapine, sertraline. Patient reports taking medications as prescribed. Safety screening negative. Referred to psychotherapy."
N0291,E0291,P063,2024-11-02,"Patient admitted to the inpatient psychiatric unit for stabilization. PHQ-9 score 15, consistent with moderately severe depressive symptoms. GAD-7 score 10. Current medications: metformin, quetiapine, sertraline. Patient reports taking medications as prescribed. Safety screening negative. Sleep hygiene counseling provided."
N0292,E0292,P063,2025-03-08,"Outpatient behavioral health follow-up visit. PHQ-9 score 18, consistent with moderately severe depressive symptoms. GAD-7 score 14. Current medications: metformin, quetiapine, sertraline. Patient reports taking medications as prescribed. Safety screening negative. Will coordinate with primary care."
N0293,E0293,P064,2023-06-02,"Outpatient behavioral health follow-up visit. PHQ-9 score 6, consistent with mild depressive symptoms. GAD-7 score 1. Current medications: lisinopril, sertraline. Patient reports frequently missing doses due to side effects. Safety screening negative. Referred to psychotherapy."
N0294,E0294,P064,2023-07-10,"Patient admitted to the inpatient psychiatric unit for stabilization. PHQ-9 score 8, consistent with mild depressive symptoms. GAD-7 score 2. Current medications: lisinopril, sertraline. Patient reports frequently missing doses due to side effects. Safety screening negative. Follow-up in four weeks."
N0295,E0295,P064,2023-09-19,"Outpatient behavioral health follow-up visit. PHQ-9 score 12, consistent with moderate depressive symptoms. GAD-7 score 10. Current medications: lisinopril, sertraline. Patient reports frequently missing doses due to side effects. Safety screening negative. Sleep hygiene counseling provided."
N0296,E0296,P064,2025-01-15,"Outpatient behavioral health follow-up visit. PHQ-9 score 14, consistent with moderate depressive symptoms. GAD-7 score 6. Current medications: lisinopril, sertraline. Patient reports frequently missing doses due to side effects. Safety screening negative. Sleep hygiene counseling provided."
N0297,E0297,P065,2023-10-25,"Outpatient behavioral health follow-up visit. PHQ-9 score 8, consistent with mild depressive symptoms. GAD-7 score 8. Current medications: trazodone. Patient reports taking medications as prescribed. Safety screening negative. Will coordinate with primary care."
N0298,E0298,P065,2024-08-04,"Outpatient behavioral health follow-up visit. PHQ-9 score 5, consistent with mild depressive symptoms. GAD-7 score 1. Current medications: trazodone. Patient reports taking medications as prescribed. Safety screening negative. Referred to psychotherapy."
N0299,E0299,P065,2024-09-09,"Patient presented to the emergency department with acute anxiety and chest tightness. PHQ-9 score 3, consistent with minimal depressive symptoms. GAD-7 score 0. Current medications: trazodone. Patient reports taking medications as prescribed. Safety screening negative. Will coordinate with primary care."
N0300,E0300,P065,2024-09-12,"Outpatient behavioral health follow-up visit. PHQ-9 score 0, consistent with minimal depressive symptoms. GAD-7 score 0. Current medications: trazodone. Patient reports taking medications as prescribed. Safety screening negative. Sleep hygiene counseling provided."
N0301,E0301,P065,2025-01-27,"Outpatient behavioral health follow-up visit. PHQ-9 score 0, consistent with minimal depressive symptoms. GAD-7 score 1. Current medications: trazodone. Patient reports taking medications as prescribed. Safety screening negative. Follow-up in four weeks."
N0302,E0302,P065,2025-05-07,"Outpatient behavioral health follow-up visit. PHQ-9 score 0, consistent with minimal depressive symptoms. GAD-7 score 0. Current medications: trazodone. Patient reports taking medications as prescribed. Safety screening negative. Sleep hygiene counseling provided."
N0303,E0303,P066,2023-03-16,"Outpatient behavioral health follow-up visit. PHQ-9 score 10, consistent with moderate depressive symptoms. GAD-7 score 7. Current medications: acamprosate, venlafaxine. Patient reports taking medications as prescribed. Safety screening negative. Sleep hygiene counseling provided."
N0304,E0304,P066,2024-03-01,"Outpatient behavioral health follow-up visit. PHQ-9 score 11, consistent with moderate depressive symptoms. GAD-7 score 4. Current medications: acamprosate, venlafaxine. Patient reports taking medications as prescribed. Safety screening negative. Follow-up in four weeks."
N0305,E0305,P066,2024-03-25,"Outpatient behavioral health follow-up visit. PHQ-9 score 13, consistent with moderate depressive symptoms. GAD-7 score 9. Current medications: acamprosate, venlafaxine. Patient reports taking medications as prescribed. Safety screening negative. Sleep hygiene counseling provided."
N0306,E0306,P066,2024-05-01,"Outpatient behavioral health follow-up visit. PHQ-9 score 16, consistent with moderately severe depressive symptoms. GAD-7 score 11. Current medications: acamprosate, venlafaxine. Patient reports taking medications as prescribed. Safety screening negative. Referred to psychotherapy."
N0307,E0307,P066,2024-07-11,"Patient admitted to the inpatient psychiatric unit for stabilization. PHQ-9 score 16, consistent with moderately severe depressive symptoms. GAD-7 score 11. Current medications: acamprosate, venlafaxine. Patient reports taking medications as prescribed. Safety screening negative. Sleep hygiene counseling provided."
N0308,E0308,P066,2024-10-11,"Outpatient behavioral health follow-up visit. PHQ-9 score 16, consistent with moderately severe depressive symptoms. GAD-7 score 9. Current medications: acamprosate, venlafaxine. Patient reports taking medications as prescribed. Safety screening negative. Follow-up in four weeks."
N0309,E0309,P066,2025-04-15,"Outpatient behavioral health follow-up visit. PHQ-9 score 21, consistent with severe depressive symptoms. GAD-7 score 14. Current medications: acamprosate, venlafaxine. Patient reports taking medications as prescribed. Safety screening negative. Sleep hygiene counseling provided."
N0310,E0310,P067,2023-05-21,"Outpatient behavioral health follow-up visit. PHQ-9 score 12, consistent with moderate depressive symptoms. GAD-7 score 10. Current medications: sertraline. Patient reports frequently missing doses due to side effects. Safety screening negative. Referred to psychotherapy."
N0311,E0311,P067,2023-11-20,"Outpatient behavioral health follow-up visit. PHQ-9 score 13, consistent with moderate depressive symptoms. GAD-7 score 7. Current medications: sertraline. Patient reports frequently missing doses due to side effects. Safety screening negative. Sleep hygiene counseling provided."
N0312,E0312,P067,2024-03-18,"Patient admitted to the inpatient psychiatric unit for stabilization. PHQ-9 score 14, consistent with moderate depressive symptoms. GAD-7 score 6. Current medications: sertraline. Patient reports frequently missing doses due to side effects. Safety screening negative. Will coordinate with primary care."
N0313,E0313,P067,2024-11-11,"Outpatient behavioral health follow-up visit. PHQ-9 score 15, consistent with moderately severe depressive symptoms. GAD-7 score 11. Current medications: sertraline. Patient reports frequently missing doses due to side effects. Safety screening negative. Sleep hygiene counseling provided."
N0314,E0314,P067,2025-02-03,"Patient presented to the emergency department with acute anxiety and chest tightness. PHQ-9 score 20, consistent with severe depressive symptoms. GAD-7 score 13. Current medications: sertraline. Patient reports frequently missing doses due to side effects. Safety screening negative. Sleep hygiene counseling provided."
N0315,E0315,P068,2023-10-28,"Outpatient behavioral health follow-up visit. PHQ-9 score 5, consistent with mild depressive symptoms. GAD-7 score 0. Current medications: escitalopram. Patient reports taking medications as prescribed. Safety screening negative. Referred to psychotherapy."
N0316,E0316,P068,2024-01-03,"Patient brought to the emergency department after a panic episode at work. PHQ-9 score 3, consistent with minimal depressive symptoms. GAD-7 score 5. Current medications: escitalopram. Patient reports taking medications as prescribed. Safety screening negative. Follow-up in four weeks."
N0317,E0317,P068,2024-09-02,"Outpatient behavioral health follow-up visit. PHQ-9 score 4, consistent with minimal depressive symptoms. GAD-7 score 5. Current medications: escitalopram. Patient reports taking medications as prescribed. Safety screening negative. Sleep hygiene counseling provided."
N0318,E0318,P068,2024-11-05,"Outpatient behavioral health follow-up visit. PHQ-9 score 7, consistent with mild depressive symptoms. GAD-7 score 3. Current medications: escitalopram. Patient reports taking medications as prescribed. Safety screening negative. Follow-up in four weeks."
N0319,E0319,P068,2024-12-27,"Outpatient behavioral health follow-up visit. PHQ-9 score 3, consistent with minimal depressive symptoms. GAD-7 score 5. Current medications: escitalopram. Patient reports taking medications as prescribed. Safety screening negative. Referred to psychotherapy."
N0320,E0320,P069,2023-06-10,"Outpatient behavioral health follow-up visit. PHQ-9 score 9, consistent with mild depressive symptoms. GAD-7 score 7. Current medications: metformin, sertraline. Patient reports frequently missing doses due to side effects. Safety screening negative. Follow-up in four weeks."
N0321,E0321,P069,2024-05-08,"Outpatient behavioral health follow-up visit. PHQ-9 score 7, consistent with mild depressive symptoms. GAD-7 score 5. Current medications: metformin, sertraline. Patient reports frequently missing doses due to side effects. Safety screening negative. Follow-up in four weeks."
N0322,E0322,P069,2024-06-18,"Outpatient behavioral health follow-up visit. PHQ-9 score 4, consistent with minimal depressive symptoms. GAD-7 score 5. Current medications: metformin, sertraline. Patient reports frequently missing doses due to side effects. Safety screening negative. Will coordinate with primary care."
N0323,E0323,P070,2023-02-11,"Outpatient behavioral health follow-up visit. PHQ-9 score 4, consistent with minimal depressive symptoms. GAD-7 score 3. Current medications: amlodipine, naltrexone, prazosin, sertraline. Patient reports frequently missing doses due to side effects. Safety screening negative. Follow-up in four weeks."
N0324,E0324,P070,2023-04-03,"Outpatient behavioral health follow-up visit. PHQ-9 score 8, consistent with mild depressive symptoms. GAD-7 score 3. Current medications: amlodipine, naltrexone, prazosin, sertraline. Patient reports frequently missing doses due to side effects. Safety screening negative. Sleep hygiene counseling provided."
N0325,E0325,P070,2024-10-02,"Outpatient behavioral health follow-up visit. PHQ-9 score 8, consistent with mild depressive symptoms. GAD-7 score 2. Current medications: amlodipine, naltrexone, prazosin, sertraline. Patient reports frequently missing doses due to side effects. Safety screening negative. Follow-up in four weeks."
N0326,E0326,P070,2025-02-17,"Outpatient behavioral health follow-up visit. PHQ-9 score 10, consistent with moderate depressive symptoms. GAD-7 score 10. Current medications: amlodipine, naltrexone, prazosin, sertraline. Patient reports frequently missing doses due to side effects. Safety screening negative. Referred to psychotherapy."
N0327,E0327,P071,2024-07-06,"Outpatient behavioral health follow-up visit. PHQ-9 score 1, consistent with minimal depressive symptoms. GAD-7 score 1. Current medications: prazosin. Patient reports taking medications as prescribed. Safety screening negative. Sleep hygiene counseling provided."
N0328,E0328,P071,2024-07-07,"Outpatient behavioral health follow-up visit. PHQ-9 score 0, consistent with minimal depressive symptoms. GAD-7 score 1. Current medications: prazosin. Patient reports taking medications as prescribed. Safety screening negative. Follow-up in four weeks."
N0329,E0329,P071,2025-04-24,"Outpatient behavioral health follow-up visit. PHQ-9 score 2, consistent with minimal depressive symptoms. GAD-7 score 3. Current medications: prazosin. Patient reports taking medications as prescribed. Safety screening negative. Sleep hygiene counseling provided."
N0330,E0330,P072,2023-06-29,"Patient presented to the emergency department with acute anxiety and chest tightness. PHQ-9 score 9, consistent with mild depressive symptoms. GAD-7 score 3. Current medications: sertraline. Patient reports taking medications as prescribed. Safety screening negative. Follow-up in four weeks."
N0331,E0331,P072,2023-08-06,"Patient admitted to the inpatient psychiatric unit for stabilization. PHQ-9 score 11, consistent with moderate depressive symptoms. GAD-7 score 7. Current medications: sertraline. Patient reports taking medications as prescribed. Safety screening negative. Follow-up in four weeks."
N0332,E0332,P072,2023-12-07,"Outpatient behavioral health follow-up visit. PHQ-9 score 13, consistent with moderate depressive symptoms. GAD-7 score 10. Current medications: sertraline. Patient reports taking medications as prescribed. Safety screening negative. Will coordinate with primary care."
N0333,E0333,P072,2024-06-14,"Outpatient behavioral health follow-up visit. PHQ-9 score 13, consistent with moderate depressive symptoms. GAD-7 score 8. Current medications: sertraline. Patient reports taking medications as prescribed. Safety screening negative. Referred to psychotherapy."
N0334,E0334,P072,2024-12-07,"Outpatient behavioral health follow-up visit. PHQ-9 score 14, consistent with moderate depressive symptoms. GAD-7 score 7. Current medications: sertraline. Patient reports taking medications as prescribed. Safety screening negative. Sleep hygiene counseling provided."
N0335,E0335,P072,2025-02-05,"Outpatient behavioral health follow-up visit. PHQ-9 score 17, consistent with moderately severe depressive symptoms. GAD-7 score 13. Current medications: sertraline. Patient reports taking medications as prescribed. Safety screening negative. Sleep hygiene counseling provided."
N0336,E0336,P073,2024-01-08,"Outpatient behavioral health follow-up visit. PHQ-9 score 4, consistent with minimal depressive symptoms. GAD-7 score 1. Current medications: lisinopril, sertraline, trazodone. Patient reports taking medications as prescribed. Safety screening negative. Follow-up in four weeks."
N0337,E0337,P073,2024-02-01,"Outpatient behavioral health follow-up visit. PHQ-9 score 1, consistent with minimal depressive symptoms. GAD-7 score 0. Current medications: lisinopril, sertraline, trazodone. Patient reports taking medications as prescribed. Safety screening negative. Referred to psychotherapy."
N0338,E0338,P073,2024-05-02,"Outpatient behavioral health follow-up visit. PHQ-9 score 1, consistent with minimal depressive symptoms. GAD-7 score 0. Current medications: lisinopril, sertraline, trazodone. Patient reports taking medications as prescribed. Safety screening negative. Follow-up in four weeks."
N0339,E0339,P073,2024-09-13,"Outpatient behavioral health follow-up visit. PHQ-9 score 0, consistent with minimal depressive symptoms. GAD-7 score 0. Current medications: lisinopril, sertraline, trazodone. Patient reports taking medications as prescribed. Safety screening negative. Referred to psychotherapy."
N0340,E0340,P074,2023-08-11,"Outpatient behavioral health follow-up visit. PHQ-9 score 7, consistent with mild depressive symptoms. GAD-7 score 7. Current medications: amlodipine, prazosin. Patient reports taking medications as prescribed. Safety screening negative. Will coordinate with primary care."
N0341,E0341,P074,2023-09-14,"Outpatient behavioral health follow-up visit. PHQ-9 score 12, consistent with moderate depressive symptoms. GAD-7 score 7. Current medications: amlodipine, prazosin. Patient reports taking medications as prescribed. Safety screening negative. Referred to psychotherapy."
N0342,E0342,P074,2024-11-18,"Outpatient behavioral health follow-up visit. PHQ-9 score 12, consistent with moderate depressive symptoms. GAD-7 score 6. Current medications: amlodipine, prazosin. Patient reports taking medications as prescribed. Safety screening negative. Will coordinate with primary care."
N0343,E0343,P074,2024-11-23,"Patient admitted to the inpatient psychiatric unit for stabilization. PHQ-9 score 13, consistent with moderate depressive symptoms. GAD-7 score 7. Current medications: amlodipine, prazosin. Patient reports taking medications as prescribed. Safety screening negative. Follow-up in four weeks."
N0344,E0344,P074,2024-12-09,"Outpatient behavioral health follow-up visit. PHQ-9 score 14, consistent with moderate depressive symptoms. GAD-7 score 11. Current medications: amlodipine, prazosin. Patient reports taking medications as prescribed. Safety screening negative. Sleep hygiene counseling provided."
N0345,E0345,P074,2025-03-24,"Outpatient behavioral health follow-up visit. PHQ-9 score 17, consistent with moderately severe depressive symptoms. GAD-7 score 9. Current medications: amlodipine, prazosin. Patient reports taking medications as prescribed. Safety screening negative. Will coordinate with primary care."
N0346,E0346,P075,2023-04-27,"Patient brought to the emergency department after a panic episode at work. PHQ-9 score 16, consistent with moderately severe depressive symptoms. GAD-7 score 14. Current medications: venlafaxine. Patient reports taking medications as prescribed. Safety screening negative. Referred to psychotherapy."
N0347,E0347,P075,2023-05-27,"Patient admitted to the inpatient psychiatric unit for stabilization. PHQ-9 score 19, consistent with moderately severe depressive symptoms. GAD-7 score 11. Current medications: venlafaxine. Patient reports taking medications as prescribed. Safety screening negative. Follow-up in four weeks."
N0348,E0348,P075,2024-02-08,"Outpatient behavioral health follow-up visit. PHQ-9 score 19, consistent with moderately severe depressive symptoms. GAD-7 score 10. Current medications: venlafaxine. Patient reports taking medications as prescribed. Safety screening negative. Referred to psychotherapy."
N0349,E0349,P075,2024-10-15,"Outpatient behavioral health follow-up visit. PHQ-9 score 22, consistent with severe depressive symptoms. GAD-7 score 17. Current medications: venlafaxine. Patient reports taking medications as prescribed. Safety screening positive for passive thoughts of death; safety plan reviewed and crisis resources provided. Sleep hygiene counseling provided."
N0350,E0350,P075,2025-02-12,"Outpatient behavioral health follow-up visit. PHQ-9 score 24, consistent with severe depressive symptoms. GAD-7 score 14. Current medications: venlafaxine. Patient reports taking medications as prescribed. Safety screening positive for passive thoughts of death; safety plan reviewed and crisis resources provided. Referred to psychotherapy."
N0351,E0351,P076,2023-04-28,"Outpatient behavioral health follow-up visit. PHQ-9 score 7, consistent with mild depressive symptoms. GAD-7 score 5. Current medications: amlodipine, bupropion. Patient reports taking medications as prescribed. Safety screening negative. Referred to psychotherapy."
N0352,E0352,P076,2023-09-25,"Patient admitted to the inpatient psychiatric unit for stabilization. PHQ-9 score 12, consistent with moderate depressive symptoms. GAD-7 score 8. Current medications: amlodipine, bupropion. Patient reports taking medications as prescribed. Safety screening negative. Referred to psychotherapy."
N0353,E0353,P076,2023-11-06,"Outpatient behavioral health follow-up visit. PHQ-9 score 11, consistent with moderate depressive symptoms. GAD-7 score 7. Current medications: amlodipine, bupropion. Patient reports taking medications as prescribed. Safety screening negative. Will coordinate with primary care."
N0354,E0354,P076,2024-12-27,"Outpatient behavioral health follow-up visit. PHQ-9 score 15, consistent with moderately severe depressive symptoms. GAD-7 score 10. Current medications: amlodipine, bupropion. Patient reports taking medications as prescribed. Safety screening negative. Sleep hygiene counseling provided."
N0355,E0355,P076,2025-03-26,"Outpatient behavioral health follow-up visit. PHQ-9 score 15, consistent with moderately severe depressive symptoms. GAD-7 score 13. Current medications: amlodipine, bupropion. Patient reports taking medications as prescribed. Safety screening negative. Sleep hygiene counseling provided."
N0356,E0356,P076,2025-04-23,"Outpatient behavioral health follow-up visit. PHQ-9 score 18, consistent with moderately severe depressive symptoms. GAD-7 score 15. Current medications: amlodipine, bupropion. Patient reports taking medications as prescribed. Safety screening negative. Follow-up in four weeks."
N0357,E0357,P077,2023-02-10,"Outpatient behavioral health follow-up visit. PHQ-9 score 9, consistent with mild depressive symptoms. GAD-7 score 3. Current medications: bupropion, escitalopram, metformin. Patient reports frequently missing doses due to side effects. Safety screening negative. Will coordinate with primary care."
N0358,E0358,P077,2023-11-13,"Outpatient behavioral health follow-up visit. PHQ-9 score 10, consistent with moderate depressive symptoms. GAD-7 score 10. Current medications: bupropion, escitalopram, metformin. Patient reports frequently missing doses due to side effects. Safety screening negative. Follow-up in four weeks."
N0359,E0359,P077,2024-03-29,"Outpatient behavioral health follow-up visit. PHQ-9 score 10, consistent with moderate depressive symptoms. GAD-7 score 8. Current medications: bupropion, escitalopram, metformin. Patient reports frequently missing doses due to side effects. Safety screening negative. Will coordinate with primary care."
N0360,E0360,P077,2024-04-23,"Outpatient behavioral health follow-up visit. PHQ-9 score 8, consistent with mild depressive symptoms. GAD-7 score 8. Current medications: bupropion, escitalopram, metformin. Patient reports frequently missing doses due to side effects. Safety screening negative. Referred to psychotherapy."
N0361,E0361,P077,2024-12-19,"Patient admitted to the inpatient psychiatric unit for stabilization. PHQ-9 score 8, consistent with mild depressive symptoms. GAD-7 score 5. Current medications: bupropion, escitalopram, metformin. Patient reports frequently missing doses due to side effects. Safety screening negative. Will coordinate with primary care."
N0362,E0362,P077,2025-04-15,"Outpatient behavioral health follow-up visit. PHQ-9 score 9, consistent with mild depressive symptoms. GAD-7 score 7. Current medications: bupropion, escitalopram, metformin. Patient reports frequently missing doses due to side effects. Safety screening negative. Follow-up in four weeks."
N0363,E0363,P077,2025-04-19,"Outpatient behavioral health follow-up visit. PHQ-9 score 8, consistent with mild depressive symptoms. GAD-7 score 7. Current medications: bupropion, escitalopram, metformin. Patient reports frequently missing doses due to side effects. Safety screening negative. Will coordinate with primary care."
N0364,E0364,P078,2023-02-16,"Outpatient behavioral health follow-up visit. PHQ-9 score 10, consistent with moderate depressive symptoms. GAD-7 score 6. Current medications: buspirone, naltrexone, sertraline, trazodone. Patient reports frequently missing doses due to side effects. Safety screening negative. Sleep hygiene counseling provided."
N0365,E0365,P078,2023-10-23,"Outpatient behavioral health follow-up visit. PHQ-9 score 13, consistent with moderate depressive symptoms. GAD-7 score 8. Current medications: buspirone, naltrexone, sertraline, trazodone. Patient reports frequently missing doses due to side effects. Safety screening negative. Sleep hygiene counseling provided."
N0366,E0366,P078,2024-03-28,"Outpatient behavioral health follow-up visit. PHQ-9 score 14, consistent with moderate depressive symptoms. GAD-7 score 9. Current medications: buspirone, naltrexone, sertraline, trazodone. Patient reports frequently missing doses due to side effects. Safety screening negative. Will coordinate with primary care."
N0367,E0367,P078,2024-10-28,"Outpatient behavioral health follow-up visit. PHQ-9 score 17, consistent with moderately severe depressive symptoms. GAD-7 score 14. Current medications: buspirone, naltrexone, sertraline, trazodone. Patient reports frequently missing doses due to side effects. Safety screening negative. Follow-up in four weeks."
N0368,E0368,P078,2024-11-12,"Patient admitted to the inpatient psychiatric unit for stabilization. PHQ-9 score 19, consistent with moderately severe depressive symptoms. GAD-7 score 14. Current medications: buspirone, naltrexone, sertraline, trazodone. Patient reports frequently missing doses due to side effects. Safety screening negative. Will coordinate with primary care."
N0369,E0369,P079,2023-01-12,"Outpatient behavioral health follow-up visit. PHQ-9 score 9, consistent with mild depressive symptoms. GAD-7 score 5. Current medications: escitalopram, trazodone. Patient reports taking medications as prescribed. Safety screening negative. Will coordinate with primary care."
N0370,E0370,P079,2023-03-02,"Patient presented to the emergency department with acute anxiety and chest tightness. PHQ-9 score 5, consistent with mild depressive symptoms. GAD-7 score 1. Current medications: escitalopram, trazodone. Patient reports taking medications as prescribed. Safety screening negative. Referred to psychotherapy."
N0371,E0371,P079,2023-03-04,"Outpatient behavioral health follow-up visit. PHQ-9 score 3, consistent with minimal depressive symptoms. GAD-7 score 4. Current medications: escitalopram, trazodone. Patient reports taking medications as prescribed. Safety screening negative. Referred to psychotherapy."
N0372,E0372,P079,2023-08-21,"Outpatient behavioral health follow-up visit. PHQ-9 score 2, consistent with minimal depressive symptoms. GAD-7 score 2. Current medications: escitalopram, trazodone. Patient reports taking medications as prescribed. Safety screening negative. Follow-up in four weeks."
N0373,E0373,P079,2023-09-23,"Patient admitted to the inpatient psychiatric unit for stabilization. PHQ-9 score 1, consistent with minimal depressive symptoms. GAD-7 score 0. Current medications: escitalopram, trazodone. Patient reports taking medications as prescribed. Safety screening negative. Referred to psychotherapy."
N0374,E0374,P079,2024-04-02,"Outpatient behavioral health follow-up visit. PHQ-9 score 0, consistent with minimal depressive symptoms. GAD-7 score 2. Current medications: escitalopram, trazodone. Patient reports taking medications as prescribed. Safety screening negative. Will coordinate with primary care."
N0375,E0375,P079,2024-04-06,"Outpatient behavioral health follow-up visit. PHQ-9 score 0, consistent with minimal depressive symptoms. GAD-7 score 0. Current medications: escitalopram, trazodone. Patient reports taking medications as prescribed. Safety screening negative. Sleep hygiene counseling provided."
N0376,E0376,P080,2023-11-02,"Outpatient behavioral health follow-up visit. PHQ-9 score 10, consistent with moderate depressive symptoms. GAD-7 score 10. Current medications: metformin, trazodone, venlafaxine. Patient reports taking medications as prescribed. Safety screening negative. Will coordinate with primary care."
N0377,E0377,P080,2024-06-13,"Patient presented to the emergency department with acute anxiety and chest tightness. PHQ-9 score 10, consistent with moderate depressive symptoms. GAD-7 score 7. Current medications: metformin, trazodone, venlafaxine. Patient reports taking medications as prescribed. Safety screening negative. Will coordinate with primary care."
N0378,E0378,P080,2024-08-12,"Outpatient behavioral health follow-up visit. PHQ-9 score 8, consistent with mild depressive symptoms. GAD-7 score 8. Current medications: metformin, trazodone, venlafaxine. Patient reports taking medications as prescribed. Safety screening negative. Sleep hygiene counseling provided."
N0379,E0379,P081,2023-08-28,"Emergency visit for worsening depressed mood and inability to sleep for several days. PHQ-9 score 8, consistent with mild depressive symptoms. GAD-7 score 8. Current medications: bupropion, sertraline. Patient reports frequently missing doses due to side effects. Safety screening negative. Referred to psychotherapy."
N0380,E0380,P081,2023-09-27,"Outpatient behavioral health follow-up visit. PHQ-9 score 6, consistent with mild depressive symptoms. GAD-7 score 7. Current medications: bupropion, sertraline. Patient reports frequently missing doses due to side effects. Safety screening negative. Sleep hygiene counseling provided."
N0381,E0381,P081,2024-06-12,"Patient admitted to the inpatient psychiatric unit for stabilization. PHQ-9 score 10, consistent with moderate depressive symptoms. GAD-7 score 7. Current medications: bupropion, sertraline. Patient reports frequently missing doses due to side effects. Safety screening negative. Follow-up in four weeks."
N0382,E0382,P081,2025-05-19,"Outpatient behavioral health follow-up visit. PHQ-9 score 6, consistent with mild depressive symptoms. GAD-7 score 1. Current medications: bupropion, sertraline. Patient reports frequently missing doses due to side effects. Safety screening negative. Follow-up in four weeks."
N0383,E0383,P082,2024-08-06,"Outpatient behavioral health follow-up visit. PHQ-9 score 4, consistent with minimal depressive symptoms. GAD-7 score 0. Current medications: metformin. Patient reports taking medications as prescribed. Safety screening negative. Will coordinate with primary care."
N0384,E0384,P082,2024-11-06,"Outpatient behavioral health follow-up visit. PHQ-9 score 3, consistent with minimal depressive symptoms. GAD-7 score 1. Current medications: metformin. Patient reports taking medications as prescribed. Safety screening negative. Follow-up in four weeks."
N0385,E0385,P082,2025-02-13,"Outpatient behavioral health follow-up visit. PHQ-9 score 2, consistent with minimal depressive symptoms. GAD-7 score 4. Current medications: metformin. Patient reports taking medications as prescribed. Safety screening negative. Sleep hygiene counseling provided."
N0386,E0386,P083,2023-07-09,"Outpatient behavioral health follow-up visit. PHQ-9 score 3, consistent with minimal depressive symptoms. GAD-7 score 2. Current medications: metformin, trazodone. Patient reports taking medications as prescribed. Safety screening negative. Follow-up in four weeks."
N0387,E0387,P083,2023-10-09,"Outpatient behavioral health follow-up visit. PHQ-9 score 2, consistent with minimal depressive symptoms. GAD-7 score 1. Current medications: metformin, trazodone. Patient reports taking medications as prescribed. Safety screening negative. Referred to psychotherapy."
N0388,E0388,P083,2024-02-29,"Outpatient behavioral health follow-up visit. PHQ-9 score 6, consistent with mild depressive symptoms. GAD-7 score 7. Current medications: metformin, trazodone. Patient reports taking medications as prescribed. Safety screening negative. Sleep hygiene counseling provided."
N0389,E0389,P083,2024-11-11,"Outpatient behavioral health follow-up visit. PHQ-9 score 9, consistent with mild depressive symptoms. GAD-7 score 5. Current medications: metformin, trazodone. Patient reports taking medications as prescribed. Safety screening negative. Referred to psychotherapy."
N0390,E0390,P083,2025-05-03,"Outpatient behavioral health follow-up visit. PHQ-9 score 10, consistent with moderate depressive symptoms. GAD-7 score 6. Current medications: metformin, trazodone. Patient reports taking medications as prescribed. Safety screening negative. Follow-up in four weeks."
N0391,E0391,P083,2025-06-08,"Outpatient behavioral health follow-up visit. PHQ-9 score 10, consistent with moderate depressive symptoms. GAD-7 score 4. Current medications: metformin, trazodone. Patient reports taking medications as prescribed. Safety screening negative. Will coordinate with primary care."
N0392,E0392,P084,2023-05-05,"Outpatient behavioral health follow-up visit. PHQ-9 score 9, consistent with mild depressive symptoms. GAD-7 score 4. Current medications: lisinopril, naltrexone, sertraline. Patient reports taking medications as prescribed. Safety screening negative. Will coordinate with primary care."
N0393,E0393,P084,2023-10-04,"Outpatient behavioral health follow-up visit. PHQ-9 score 9, consistent with mild depressive symptoms. GAD-7 score 6. Current medications: lisinopril, naltrexone, sertraline. Patient reports taking medications as prescribed. Safety screening negative. Sleep hygiene counseling provided."
N0394,E0394,P084,2024-10-24,"Outpatient behavioral health follow-up visit. PHQ-9 score 7, consistent with mild depressive symptoms. GAD-7 score 5. Current medications: lisinopril, naltrexone, sertraline. Patient reports taking medications as prescribed. Safety screening negative. Follow-up in four weeks."
N0395,E0395,P084,2025-01-14,"Outpatient behavioral health follow-up visit. PHQ-9 score 11, consistent with moderate depressive symptoms. GAD-7 score 6. Current medications: lisinopril, naltrexone, sertraline. Patient reports taking medications as prescribed. Safety screening negative. Follow-up in four weeks."
N0396,E0396,P085,2023-02-16,"Outpatient behavioral health follow-up visit. PHQ-9 score 0, consistent with minimal depressive symptoms. GAD-7 score 3. Current medications: acamprosate, escitalopram, trazodone. Patient reports taking medications as prescribed. Safety screening negative. Follow-up in four weeks."
N0397,E0397,P085,2023-05-16,"Outpatient behavioral health follow-up visit. PHQ-9 score 1, consistent with minimal depressive symptoms. GAD-7 score 2. Current medications: acamprosate, escitalopram, trazodone. Patient reports taking medications as prescribed. Safety screening negative. Referred to psychotherapy."
N0398,E0398,P085,2023-12-27,"Outpatient behavioral health follow-up visit. PHQ-9 score 0, consistent with minimal depressive symptoms. GAD-7 score 0. Current medications: acamprosate, escitalopram, trazodone. Patient reports taking medications as prescribed. Safety screening negative. Referred to psychotherapy."
N0399,E0399,P085,2024-05-29,"Outpatient behavioral health follow-up visit. PHQ-9 score 0, consistent with minimal depressive symptoms. GAD-7 score 0. Current medications: acamprosate, escitalopram, trazodone. Patient reports taking medications as prescribed. Safety screening negative. Referred to psychotherapy."
N0400,E0400,P085,2025-01-17,"Outpatient behavioral health follow-up visit. PHQ-9 score 1, consistent with minimal depressive symptoms. GAD-7 score 0. Current medications: acamprosate, escitalopram, trazodone. Patient reports taking medications as prescribed. Safety screening negative. Will coordinate with primary care."
N0401,E0401,P085,2025-04-30,"Outpatient behavioral health follow-up visit. PHQ-9 score 0, consistent with minimal depressive symptoms. GAD-7 score 2. Current medications: acamprosate, escitalopram, trazodone. Patient reports taking medications as prescribed. Safety screening negative. Will coordinate with primary care."
N0402,E0402,P085,2025-06-09,"Outpatient behavioral health follow-up visit. PHQ-9 score 0, consistent with minimal depressive symptoms. GAD-7 score 0. Current medications: acamprosate, escitalopram, trazodone. Patient reports taking medications as prescribed. Safety screening negative. Referred to psychotherapy."
N0403,E0403,P086,2023-01-10,"Outpatient behavioral health follow-up visit. PHQ-9 score 15, consistent with moderately severe depressive symptoms. GAD-7 score 8. Current medications: buspirone, metformin, prazosin, trazodone, venlafaxine. Patient reports frequently missing doses due to side effects. Safety screening negative. Sleep hygiene counseling provided."
N0404,E0404,P086,2023-06-27,"Outpatient behavioral health follow-up visit. PHQ-9 score 14, consistent with moderate depressive symptoms. GAD-7 score 10. Current medications: buspirone, metformin, prazosin, trazodone, venlafaxine. Patient reports frequently missing doses due to side effects. Safety screening negative. Sleep hygiene counseling provided."
N0405,E0405,P086,2023-10-03,"Outpatient behavioral health follow-up visit. PHQ-9 score 17, consistent with moderately severe depressive symptoms. GAD-7 score 13. Current medications: buspirone, metformin, prazosin, trazodone, venlafaxine. Patient reports frequently missing doses due to side effects. Safety screening negative. Referred to psychotherapy."
N0406,E0406,P086,2024-06-19,"Outpatient behavioral health follow-up visit. PHQ-9 score 18, consistent with moderately severe depressive symptoms. GAD-7 score 10. Current medications: buspirone, metformin, prazosin, trazodone, venlafaxine. Patient reports frequently missing doses due to side effects. Safety screening negative. Follow-up in four weeks."
N0407,E0407,P086,2025-06-11,"Outpatient behavioral health follow-up visit. PHQ-9 score 17, consistent with moderately severe depressive symptoms. GAD-7 score 10. Current medications: buspirone, metformin, prazosin, trazodone, venlafaxine. Patient reports frequently missing doses due to side effects. Safety screening negative. Will coordinate with primary care."
N0408,E0408,P087,2023-03-30,"Outpatient behavioral health follow-up visit. PHQ-9 score 9, consistent with mild depressive symptoms. GAD-7 score 4. Current medications: metformin, trazodone. Patient reports frequently missing doses due to side effects. Safety screening negative. Will coordinate with primary care."
N0409,E0409,P087,2023-06-28,"Outpatient behavioral health follow-up visit. PHQ-9 score 8, consistent with mild depressive symptoms. GAD-7 score 2. Current medications: metformin, trazodone. Patient reports frequently missing doses due to side effects. Safety screening negative. Follow-up in four weeks."
N0410,E0410,P087,2024-11-07,"Outpatient behavioral health follow-up visit. PHQ-9 score 13, consistent with moderate depressive symptoms. GAD-7 score 7. Current medications: metformin, trazodone. Patient reports frequently missing doses due to side effects. Safety screening negative. Will coordinate with primary care."
N0411,E0411,P088,2023-11-01,"Outpatient behavioral health follow-up visit. PHQ-9 score 6, consistent with mild depressive symptoms. GAD-7 score 1. Current medications: sertraline. Patient reports taking medications as prescribed. Safety screening negative. Referred to psychotherapy."
N0412,E0412,P088,2024-03-09,"Outpatient behavioral health follow-up visit. PHQ-9 score 6, consistent with mild depressive symptoms. GAD-7 score 6. Current medications: sertraline. Patient reports taking medications as prescribed. Safety screening negative. Sleep hygiene counseling provided."
N0413,E0413,P088,2024-04-30,"Outpatient behavioral health follow-up visit. PHQ-9 score 5, consistent with mild depressive symptoms. GAD-7 score 5. Current medications: sertraline. Patient reports taking medications as prescribed. Safety screening negative. Follow-up in four weeks."
N0414,E0414,P088,2024-09-13,"Outpatient behavioral health follow-up visit. PHQ-9 score 3, consistent with minimal depressive symptoms. GAD-7 score 4. Current medications: sertraline. Patient reports taking medications as prescribed. Safety screening negative. Sleep hygiene counseling provided."
N0415,E0415,P089,2023-09-24,"Outpatient behavioral health follow-up visit. PHQ-9 score 10, consistent with moderate depressive symptoms. GAD-7 score 7. Current medications: buspirone, sertraline, trazodone. Patient reports frequently missing doses due to side effects. Safety screening negative. Referred to psychotherapy."
N0416,E0416,P089,2023-11-01,"Outpatient behavioral health follow-up visit. PHQ-9 score 10, consistent with moderate depressive symptoms. GAD-7 score 9. Current medications: buspirone, sertraline, trazodone. Patient reports frequently missing doses due to side effects. Safety screening negative. Follow-up in four weeks."
N0417,E0417,P089,2024-02-06,"Outpatient behavioral health follow-up visit. PHQ-9 score 9, consistent with mild depressive symptoms. GAD-7 score 5. Current medications: buspirone, sertraline, trazodone. Patient reports frequently missing doses due to side effects. Safety screening negative. Will coordinate with primary care."
N0418,E0418,P089,2024-06-16,"Outpatient behavioral health follow-up visit. PHQ-9 score 13, consistent with moderate depressive symptoms. GAD-7 score 12. Current medications: buspirone, sertraline, trazodone. Patient reports frequently missing doses due to side effects. Safety screening negative. Follow-up in four weeks."
N0419,E0419,P089,2024-10-16,"Outpatient behavioral health follow-up visit. PHQ-9 score 10, consistent with moderate depressive symptoms. GAD-7 score 6. Current medications: buspirone, sertraline, trazodone. Patient reports frequently missing doses due to side effects. Safety screening negative. Follow-up in four weeks."
N0420,E0420,P089,2025-01-23,"Outpatient behavioral health follow-up visit. PHQ-9 score 13, consistent with moderate depressive symptoms. GAD-7 score 11. Current medications: buspirone, sertraline, trazodone. Patient reports frequently missing doses due to side effects. Safety screening negative. Will coordinate with primary care."
N0421,E0421,P089,2025-02-16,"Outpatient behavioral health follow-up visit. PHQ-9 score 11, consistent with moderate depressive symptoms. GAD-7 score 4. Current medications: buspirone, sertraline, trazodone. Patient reports frequently missing doses due to side effects. Safety screening negative. Will coordinate with primary care."
N0422,E0422,P090,2023-09-07,"Emergency visit for worsening depressed mood and inability to sleep for several days. PHQ-9 score 12, consistent with moderate depressive symptoms. GAD-7 score 9. Current medications: trazodone, venlafaxine. Patient reports taking medications as prescribed. Safety screening negative. Follow-up in four weeks."
N0423,E0423,P090,2024-03-23,"Outpatient behavioral health follow-up visit. PHQ-9 score 16, consistent with moderately severe depressive symptoms. GAD-7 score 14. Current medications: trazodone, venlafaxine. Patient reports taking medications as prescribed. Safety screening negative. Referred to psychotherapy."
N0424,E0424,P090,2024-10-06,"Outpatient behavioral health follow-up visit. PHQ-9 score 20, consistent with severe depressive symptoms. GAD-7 score 11. Current medications: trazodone, venlafaxine. Patient reports taking medications as prescribed. Safety screening positive for passive thoughts of death; safety plan reviewed and crisis resources provided. Sleep hygiene counseling provided."
N0425,E0425,P090,2025-01-16,"Outpatient behavioral health follow-up visit. PHQ-9 score 19, consistent with moderately severe depressive symptoms. GAD-7 score 12. Current medications: trazodone, venlafaxine. Patient reports taking medications as prescribed. Safety screening negative. Follow-up in four weeks."
N0426,E0426,P090,2025-01-30,"Outpatient behavioral health follow-up visit. PHQ-9 score 24, consistent with severe depressive symptoms. GAD-7 score 16. Current medications: trazodone, venlafaxine. Patient reports taking medications as prescribed. Safety screening positive for passive thoughts of death; safety plan reviewed and crisis resources provided. Referred to psychotherapy."
N0427,E0427,P090,2025-05-05,"Outpatient behavioral health follow-up visit. PHQ-9 score 22, consistent with severe depressive symptoms. GAD-7 score 17. Current medications: trazodone, venlafaxine. Patient reports taking medications as prescribed. Safety screening negative. Referred to psychotherapy."
N0428,E0428,P091,2023-05-09,"Outpatient behavioral health follow-up visit. PHQ-9 score 10, consistent with moderate depressive symptoms. GAD-7 score 7. Current medications: metformin. Patient reports frequently missing doses due to side effects. Safety screening negative. Referred to psychotherapy."
N0429,E0429,P091,2023-12-06,"Outpatient behavioral health follow-up visit. PHQ-9 score 8, consistent with mild depressive symptoms. GAD-7 score 5. Current medications: metformin. Patient reports frequently missing doses due to side effects. Safety screening negative. Referred to psychotherapy."
N0430,E0430,P091,2024-12-04,"Outpatient behavioral health follow-up visit. PHQ-9 score 6, consistent with mild depressive symptoms. GAD-7 score 4. Current medications: metformin. Patient reports frequently missing doses due to side effects. Safety screening negative. Will coordinate with primary care."
N0431,E0431,P092,2023-01-28,"Outpatient behavioral health follow-up visit. PHQ-9 score 11, consistent with moderate depressive symptoms. GAD-7 score 8. Current medications: buspirone, lisinopril, venlafaxine. Patient reports taking medications as prescribed. Safety screening negative. Referred to psychotherapy."
N0432,E0432,P092,2023-04-14,"Outpatient behavioral health follow-up visit. PHQ-9 score 9, consistent with mild depressive symptoms. GAD-7 score 8. Current medications: buspirone, lisinopril, venlafaxine. Patient reports taking medications as prescribed. Safety screening negative. Follow-up in four weeks."
N0433,E0433,P092,2024-07-07,"Outpatient behavioral health follow-up visit. PHQ-9 score 8, consistent with mild depressive symptoms. GAD-7 score 8. Current medications: buspirone, lisinopril, venlafaxine. Patient reports taking medications as prescribed. Safety screening negative. Referred to psychotherapy."
N0434,E0434,P092,2024-07-09,"Outpatient behavioral health follow-up visit. PHQ-9 score 8, consistent with mild depressive symptoms. GAD-7 score 6. Current medications: buspirone, lisinopril, venlafaxine. Patient reports taking medications as prescribed. Safety screening negative. Will coordinate with primary care."
N0435,E0435,P092,2024-09-02,"Outpatient behavioral health follow-up visit. PHQ-9 score 9, consistent with mild depressive symptoms. GAD-7 score 6. Current medications: buspirone, lisinopril, venlafaxine. Patient reports taking medications as prescribed. Safety screening negative. Follow-up in four weeks."
N0436,E0436,P092,2024-11-03,"Outpatient behavioral health follow-up visit. PHQ-9 score 11, consistent with moderate depressive symptoms. GAD-7 score 9. Current medications: buspirone, lisinopril, venlafaxine. Patient reports taking medications as prescribed. Safety screening negative. Will coordinate with primary care."
N0437,E0437,P092,2025-01-04,"Outpatient behavioral health follow-up visit. PHQ-9 score 8, consistent with mild depressive symptoms. GAD-7 score 8. Current medications: buspirone, lisinopril, venlafaxine. Patient reports taking medications as prescribed. Safety screening negative. Referred to psychotherapy."
N0438,E0438,P093,2023-09-23,"Outpatient behavioral health follow-up visit. PHQ-9 score 18, consistent with moderately severe depressive symptoms. GAD-7 score 11. Current medications: venlafaxine. Patient reports taking medications as prescribed. Safety screening negative. Referred to psychotherapy."
N0439,E0439,P093,2024-10-21,"Patient brought to the emergency department after a panic episode at work. PHQ-9 score 18, consistent with moderately severe depressive symptoms. GAD-7 score 15. Current medications: venlafaxine. Patient reports taking medications as prescribed. Safety screening negative. Referred to psychotherapy."
N0440,E0440,P093,2025-01-06,"Outpatient behavioral health follow-up visit. PHQ-9 score 20, consistent with severe depressive symptoms. GAD-7 score 14. Current medications: venlafaxine. Patient reports taking medications as prescribed. Safety screening negative. Referred to psychotherapy."
N0441,E0441,P094,2024-05-17,"Emergency visit for worsening depressed mood and inability to sleep for several days. PHQ-9 score 12, consistent with moderate depressive symptoms. GAD-7 score 11. Current medications: sertraline. Patient reports taking medications as prescribed. Safety screening negative. Referred to psychotherapy."
N0442,E0442,P094,2025-01-10,"Patient brought to the emergency department after a panic episode at work. PHQ-9 score 7, consistent with mild depressive symptoms. GAD-7 score 7. Current medications: sertraline. Patient reports taking medications as prescribed. Safety screening negative. Follow-up in four weeks."
N0443,E0443,P094,2025-02-13,"Outpatient behavioral health follow-up visit. PHQ-9 score 6, consistent with mild depressive symptoms. GAD-7 score 3. Current medications: sertraline. Patient reports taking medications as prescribed. Safety screening negative. Referred to psychotherapy."
N0444,E0444,P094,2025-04-02,"Outpatient behavioral health follow-up visit. PHQ-9 score 5, consistent with mild depressive symptoms. GAD-7 score 1. Current medications: sertraline. Patient reports taking medications as prescribed. Safety screening negative. Will coordinate with primary care."
N0445,E0445,P095,2023-08-27,"Outpatient behavioral health follow-up visit. PHQ-9 score 10, consistent with moderate depressive symptoms. GAD-7 score 10. Current medications: lisinopril. Patient reports frequently missing doses due to side effects. Safety screening negative. Will coordinate with primary care."
N0446,E0446,P095,2023-09-19,"Outpatient behavioral health follow-up visit. PHQ-9 score 6, consistent with mild depressive symptoms. GAD-7 score 6. Current medications: lisinopril. Patient reports frequently missing doses due to side effects. Safety screening negative. Follow-up in four weeks."
N0447,E0447,P095,2025-01-15,"Outpatient behavioral health follow-up visit. PHQ-9 score 10, consistent with moderate depressive symptoms. GAD-7 score 5. Current medications: lisinopril. Patient reports frequently missing doses due to side effects. Safety screening negative. Will coordinate with primary care."
N0448,E0448,P095,2025-02-15,"Outpatient behavioral health follow-up visit. PHQ-9 score 6, consistent with mild depressive symptoms. GAD-7 score 4. Current medications: lisinopril. Patient reports frequently missing doses due to side effects. Safety screening negative. Will coordinate with primary care."
N0449,E0449,P096,2023-09-29,"Outpatient behavioral health follow-up visit. PHQ-9 score 16, consistent with moderately severe depressive symptoms. GAD-7 score 11. Current medications: escitalopram, trazodone. Patient reports taking medications as prescribed. Safety screening negative. Referred to psychotherapy."
N0450,E0450,P096,2023-12-17,"Outpatient behavioral health follow-up visit. PHQ-9 score 17, consistent with moderately severe depressive symptoms. GAD-7 score 11. Current medications: escitalopram, trazodone. Patient reports taking medications as prescribed. Safety screening negative. Follow-up in four weeks."
N0451,E0451,P096,2024-02-25,"Outpatient behavioral health follow-up visit. PHQ-9 score 20, consistent with severe depressive symptoms. GAD-7 score 15. Current medications: escitalopram, trazodone. Patient reports taking medications as prescribed. Safety screening positive for passive thoughts of death; safety plan reviewed and crisis resources provided. Sleep hygiene counseling provided."
N0452,E0452,P096,2024-05-25,"Outpatient behavioral health follow-up visit. PHQ-9 score 22, consistent with severe depressive symptoms. GAD-7 score 17. Current medications: escitalopram, trazodone. Patient reports taking medications as prescribed. Safety screening positive for passive thoughts of death; safety plan reviewed and crisis resources provided. Follow-up in four weeks."
N0453,E0453,P096,2024-07-06,"Outpatient behavioral health follow-up visit. PHQ-9 score 24, consistent with severe depressive symptoms. GAD-7 score 18. Current medications: escitalopram, trazodone. Patient reports taking medications as prescribed. Safety screening positive for passive thoughts of death; safety plan reviewed and crisis resources provided. Sleep hygiene counseling provided."
N0454,E0454,P097,2023-01-23,"Outpatient behavioral health follow-up visit. PHQ-9 score 2, consistent with minimal depressive symptoms. GAD-7 score 0. Current medications: amlodipine. Patient reports taking medications as prescribed. Safety screening negative. Referred to psychotherapy."
N0455,E0455,P097,2023-12-16,"Patient brought to the emergency department after a panic episode at work. PHQ-9 score 1, consistent with minimal depressive symptoms. GAD-7 score 0. Current medications: amlodipine. Patient reports taking medications as prescribed. Safety screening negative. Follow-up in four weeks."
N0456,E0456,P097,2024-04-24,"Outpatient behavioral health follow-up visit. PHQ-9 score 6, consistent with mild depressive symptoms. GAD-7 score 7. Current medications: amlodipine. Patient reports taking medications as prescribed. Safety screening negative. Follow-up in four weeks."
N0457,E0457,P097,2024-08-28,"Outpatient behavioral health follow-up visit. PHQ-9 score 5, consistent with mild depressive symptoms. GAD-7 score 5. Current medications: amlodipine. Patient reports taking medications as prescribed. Safety screening negative. Follow-up in four weeks."
N0458,E0458,P097,2024-09-11,"Patient presented to the emergency department with acute anxiety and chest tightness. PHQ-9 score 10, consistent with moderate depressive symptoms. GAD-7 score 5. Current medications: amlodipine. Patient reports taking medications as prescribed. Safety screening negative. Sleep hygiene counseling provided."
N0459,E0459,P097,2024-10-19,"Patient admitted to the inpatient psychiatric unit for stabilization. PHQ-9 score 10, consistent with moderate depressive symptoms. GAD-7 score 4. Current medications: amlodipine. Patient reports taking medications as prescribed. Safety screening negative. Referred to psychotherapy."
N0460,E0460,P097,2025-02-05,"Outpatient behavioral health follow-up visit. PHQ-9 score 12, consistent with moderate depressive symptoms. GAD-7 score 11. Current medications: amlodipine. Patient reports taking medications as prescribed. Safety screening negative. Will coordinate with primary care."
N0461,E0461,P098,2023-02-21,"Outpatient behavioral health follow-up visit. PHQ-9 score 12, consistent with moderate depressive symptoms. GAD-7 score 11. Current medications: acamprosate, lisinopril, sertraline. Patient reports taking medications as prescribed. Safety screening negative. Follow-up in four weeks."
N0462,E0462,P098,2023-06-13,"Outpatient behavioral health follow-up visit. PHQ-9 score 11, consistent with moderate depressive symptoms. GAD-7 score 5. Current medications: acamprosate, lisinopril, sertraline. Patient reports taking medications as prescribed. Safety screening negative. Follow-up in four weeks."
N0463,E0463,P098,2023-08-20,"Outpatient behavioral health follow-up visit. PHQ-9 score 12, consistent with moderate depressive symptoms. GAD-7 score 8. Current medications: acamprosate, lisinopril, sertraline. Patient reports taking medications as prescribed. Safety screening negative. Will coordinate with primary care."
N0464,E0464,P098,2024-04-21,"Outpatient behavioral health follow-up visit. PHQ-9 score 12, consistent with moderate depressive symptoms. GAD-7 score 6. Current medications: acamprosate, lisinopril, sertraline. Patient reports taking medications as prescribed. Safety screening negative. Will coordinate with primary care."
N0465,E0465,P098,2024-12-20,"Outpatient behavioral health follow-up visit. PHQ-9 score 11, consistent with moderate depressive symptoms. GAD-7 score 10. Current medications: acamprosate, lisinopril, sertraline. Patient reports taking medications as prescribed. Safety screening negative. Follow-up in four weeks."
N0466,E0466,P099,2023-01-25,"Outpatient behavioral health follow-up visit. PHQ-9 score 15, consistent with moderately severe depressive symptoms. GAD-7 score 11. Current medications: venlafaxine. Patient reports taking medications as prescribed. Safety screening negative. Follow-up in four weeks."
N0467,E0467,P099,2023-03-07,"Patient admitted to the inpatient psychiatric unit for stabilization. PHQ-9 score 19, consistent with moderately severe depressive symptoms. GAD-7 score 11. Current medications: venlafaxine. Patient reports taking medications as prescribed. Safety screening negative. Follow-up in four weeks."
N0468,E0468,P099,2024-06-16,"Outpatient behavioral health follow-up visit. PHQ-9 score 16, consistent with moderately severe depressive symptoms. GAD-7 score 14. Current medications: venlafaxine. Patient reports taking medications as prescribed. Safety screening negative. Follow-up in four weeks."
N0469,E0469,P099,2025-04-30,"Outpatient behavioral health follow-up visit. PHQ-9 score 15, consistent with moderately severe depressive symptoms. GAD-7 score 11. Current medications: venlafaxine. Patient reports taking medications as prescribed. Safety screening negative. Referred to psychotherapy."
N0470,E0470,P100,2023-03-09,"Outpatient behavioral health follow-up visit. PHQ-9 score 19, consistent with moderately severe depressive symptoms. GAD-7 score 13. Current medications: acamprosate, amlodipine, buspirone, prazosin, sertraline. Patient reports taking medications as prescribed. Safety screening negative. Sleep hygiene counseling provided."
N0471,E0471,P100,2023-07-21,"Outpatient behavioral health follow-up visit. PHQ-9 score 17, consistent with moderately severe depressive symptoms. GAD-7 score 12. Current medications: acamprosate, amlodipine, buspirone, prazosin, sertraline. Patient reports taking medications as prescribed. Safety screening negative. Will coordinate with primary care."
N0472,E0472,P100,2024-02-18,"Patient admitted to the inpatient psychiatric unit for stabilization. PHQ-9 score 18, consistent with moderately severe depressive symptoms. GAD-7 score 9. Current medications: acamprosate, amlodipine, buspirone, prazosin, sertraline. Patient reports taking medications as prescribed. Safety screening negative. Referred to psychotherapy."
N0473,E0473,P100,2024-09-30,"Outpatient behavioral health follow-up visit. PHQ-9 score 17, consistent with moderately severe depressive symptoms. GAD-7 score 12. Current medications: acamprosate, amlodipine, buspirone, prazosin, sertraline. Patient reports taking medications as prescribed. Safety screening negative. Sleep hygiene counseling provided."
N0474,E0474,P100,2024-10-27,"Outpatient behavioral health follow-up visit. PHQ-9 score 15, consistent with moderately severe depressive symptoms. GAD-7 score 11. Current medications: acamprosate, amlodipine, buspirone, prazosin, sertraline. Patient reports taking medications as prescribed. Safety screening negative. Referred to psychotherapy."
N0475,E0475,P100,2024-12-28,"Outpatient behavioral health follow-up visit. PHQ-9 score 18, consistent with moderately severe depressive symptoms. GAD-7 score 10. Current medications: acamprosate, amlodipine, buspirone, prazosin, sertraline. Patient reports taking medications as prescribed. Safety screening negative. Will coordinate with primary care."
N0476,E0476,P100,2025-06-08,"Outpatient behavioral health follow-up visit. PHQ-9 score 15, consistent with moderately severe depressive symptoms. GAD-7 score 8. Current medications: acamprosate, amlodipine, buspirone, prazosin, sertraline. Patient reports taking medications as prescribed. Safety screening negative. Will coordinate with primary care."
N0477,E0477,P101,2023-02-21,"Outpatient behavioral health follow-up visit. PHQ-9 score 15, consistent with moderately severe depressive symptoms. GAD-7 score 8. Current medications: bupropion, lisinopril. Patient reports frequently missing doses due to side effects. Safety screening negative. Will coordinate with primary care."
N0478,E0478,P101,2023-07-17,"Outpatient behavioral health follow-up visit. PHQ-9 score 19, consistent with moderately severe depressive symptoms. GAD-7 score 11. Current medications: bupropion, lisinopril. Patient reports frequently missing doses due to side effects. Safety screening negative. Will coordinate with primary care."
N0479,E0479,P101,2023-08-09,"Outpatient behavioral health follow-up visit. PHQ-9 score 20, consistent with severe depressive symptoms. GAD-7 score 15. Current medications: bupropion, lisinopril. Patient reports frequently missing doses due to side effects. Safety screening negative. Referred to psychotherapy."
N0480,E0480,P101,2024-02-23,"Outpatient behavioral health follow-up visit. PHQ-9 score 22, consistent with severe depressive symptoms. GAD-7 score 16. Current medications: bupropion, lisinopril. Patient reports frequently missing doses due to side effects. Safety screening negative. Follow-up in four weeks."
N0481,E0481,P101,2024-10-27,"Outpatient behavioral health follow-up visit. PHQ-9 score 25, consistent with severe depressive symptoms. GAD-7 score 17. Current medications: bupropion, lisinopril. Patient reports frequently missing doses due to side effects. Safety screening positive for passive thoughts of death; safety plan reviewed and crisis resources provided. Will coordinate with primary care."
N0482,E0482,P101,2025-01-01,"Outpatient behavioral health follow-up visit. PHQ-9 score 26, consistent with severe depressive symptoms. GAD-7 score 21. Current medications: bupropion, lisinopril. Patient reports frequently missing doses due to side effects. Safety screening positive for passive thoughts of death; safety plan reviewed and crisis resources provided. Follow-up in four weeks."
N0483,E0483,P101,2025-01-17,"Outpatient behavioral health follow-up visit. PHQ-9 score 27, consistent with severe depressive symptoms. GAD-7 score 17. Current medications: bupropion, lisinopril. Patient reports frequently missing doses due to side effects. Safety screening positive for passive thoughts of death; safety plan reviewed and crisis resources provided. Referred to psychotherapy."
N0484,E0484,P102,2023-04-22,"Outpatient behavioral health follow-up visit. PHQ-9 score 3, consistent with minimal depressive symptoms. GAD-7 score 5. Current medications: buspirone. Patient reports taking medications as prescribed. Safety screening negative. Follow-up in four weeks."
N0485,E0485,P102,2024-01-05,"Outpatient behavioral health follow-up visit. PHQ-9 score 0, consistent with minimal depressive symptoms. GAD-7 score 3. Current medications: buspirone. Patient reports taking medications as prescribed. Safety screening negative. Referred to psychotherapy."
N0486,E0486,P102,2024-01-09,"Outpatient behavioral health follow-up visit. PHQ-9 score 0, consistent with minimal depressive symptoms. GAD-7 score 0. Current medications: buspirone. Patient reports taking medications as prescribed. Safety screening negative. Will coordinate with primary care."
N0487,E0487,P102,2025-01-21,"Outpatient behavioral health follow-up visit. PHQ-9 score 0, consistent with minimal depressive symptoms. GAD-7 score 0. Current medications: buspirone. Patient reports taking medications as prescribed. Safety screening negative. Referred to psychotherapy."
N0488,E0488,P102,2025-01-28,"Outpatient behavioral health follow-up visit. PHQ-9 score 0, consistent with minimal depressive symptoms. GAD-7 score 0. Current medications: buspirone. Patient reports taking medications as prescribed. Safety screening negative. Sleep hygiene counseling provided."
N0489,E0489,P103,2023-03-21,"Outpatient behavioral health follow-up visit. PHQ-9 score 15, consistent with moderately severe depressive symptoms. GAD-7 score 13. Current medications: escitalopram, lisinopril, lithium, metformin. Patient reports frequently missing doses due to side effects. Safety screening negative. Sleep hygiene counseling provided."
N0490,E0490,P103,2023-12-19,"Outpatient behavioral health follow-up visit. PHQ-9 score 11, consistent with moderate depressive symptoms. GAD-7 score 6. Current medications: escitalopram, lisinopril, lithium, metformin. Patient reports frequently missing doses due to side effects. Safety screening negative. Referred to psychotherapy."
N0491,E0491,P103,2024-05-04,"Outpatient behavioral health follow-up visit. PHQ-9 score 15, consistent with moderately severe depressive symptoms. GAD-7 score 9. Current medications: escitalopram, lisinopril, lithium, metformin. Patient reports frequently missing doses due to side effects. Safety screening negative. Will coordinate with primary care."
N0492,E0492,P103,2024-07-03,"Outpatient behavioral health follow-up visit. PHQ-9 score 14, consistent with moderate depressive symptoms. GAD-7 score 10. Current medications: escitalopram, lisinopril, lithium, metformin. Patient reports frequently missing doses due to side effects. Safety screening negative. Referred to psychotherapy."
N0493,E0493,P103,2024-10-21,"Outpatient behavioral health follow-up visit. PHQ-9 score 15, consistent with moderately severe depressive symptoms. GAD-7 score 9. Current medications: escitalopram, lisinopril, lithium, metformin. Patient reports frequently missing doses due to side effects. Safety screening negative. Will coordinate with primary care."
N0494,E0494,P103,2025-06-07,"Outpatient behavioral health follow-up visit. PHQ-9 score 14, consistent with moderate depressive symptoms. GAD-7 score 10. Current medications: escitalopram, lisinopril, lithium, metformin. Patient reports frequently missing doses due to side effects. Safety screening negative. Will coordinate with primary care."
N0495,E0495,P104,2023-08-18,"Outpatient behavioral health follow-up visit. PHQ-9 score 14, consistent with moderate depressive symptoms. GAD-7 score 8. Current medications: lithium, metformin, prazosin, sertraline. Patient reports taking medications as prescribed. Safety screening negative. Referred to psychotherapy."
N0496,E0496,P104,2024-06-14,"Outpatient behavioral health follow-up visit. PHQ-9 score 13, consistent with moderate depressive symptoms. GAD-7 score 10. Current medications: lithium, metformin, prazosin, sertraline. Patient reports taking medications as prescribed. Safety screening negative. Follow-up in four weeks."
N0497,E0497,P104,2024-09-07,"Outpatient behavioral health follow-up visit. PHQ-9 score 11, consistent with moderate depressive symptoms. GAD-7 score 10. Current medications: lithium, metformin, prazosin, sertraline. Patient reports taking medications as prescribed. Safety screening negative. Will coordinate with primary care."
N0498,E0498,P105,2023-03-26,"Patient brought to the emergency department after a panic episode at work. PHQ-9 score 9, consistent with mild depressive symptoms. GAD-7 score 8. Current medications: buspirone, escitalopram, lisinopril. Patient reports frequently missing doses due to side effects. Safety screening negative. Follow-up in four weeks."
N0499,E0499,P105,2023-05-19,"Outpatient behavioral health follow-up visit. PHQ-9 score 8, consistent with mild depressive symptoms. GAD-7 score 5. Current medications: buspirone, escitalopram, lisinopril. Patient reports frequently missing doses due to side effects. Safety screening negative. Follow-up in four weeks."
N0500,E0500,P105,2023-06-19,"Outpatient behavioral health follow-up visit. PHQ-9 score 8, consistent with mild depressive symptoms. GAD-7 score 8. Current medications: buspirone, escitalopram, lisinopril. Patient reports frequently missing doses due to side effects. Safety screening negative. Follow-up in four weeks."
N0501,E0501,P105,2024-08-07,"Patient admitted to the inpatient psychiatric unit for stabilization. PHQ-9 score 6, consistent with mild depressive symptoms. GAD-7 score 7. Current medications: buspirone, escitalopram, lisinopril. Patient reports frequently missing doses due to side effects. Safety screening negative. Follow-up in four weeks."
N0502,E0502,P105,2024-11-30,"Outpatient behavioral health follow-up visit. PHQ-9 score 1, consistent with minimal depressive symptoms. GAD-7 score 0. Current medications: buspirone, escitalopram, lisinopril. Patient reports frequently missing doses due to side effects. Safety screening negative. Will coordinate with primary care."
N0503,E0503,P105,2025-02-26,"Outpatient behavioral health follow-up visit. PHQ-9 score 1, consistent with minimal depressive symptoms. GAD-7 score 2. Current medications: buspirone, escitalopram, lisinopril. Patient reports frequently missing doses due to side effects. Safety screening negative. Referred to psychotherapy."
N0504,E0504,P105,2025-04-17,"Outpatient behavioral health follow-up visit. PHQ-9 score 1, consistent with minimal depressive symptoms. GAD-7 score 0. Current medications: buspirone, escitalopram, lisinopril. Patient reports frequently missing doses due to side effects. Safety screening negative. Referred to psychotherapy."
N0505,E0505,P106,2023-03-01,"Outpatient behavioral health follow-up visit. PHQ-9 score 4, consistent with minimal depressive symptoms. GAD-7 score 5. Current medications: sertraline. Patient reports taking medications as prescribed. Safety screening negative. Follow-up in four weeks."
N0506,E0506,P106,2023-06-23,"Outpatient behavioral health follow-up visit. PHQ-9 score 5, consistent with mild depressive symptoms. GAD-7 score 5. Current medications: sertraline. Patient reports taking medications as prescribed. Safety screening negative. Will coordinate with primary care."
N0507,E0507,P106,2023-08-06,"Outpatient behavioral health follow-up visit. PHQ-9 score 4, consistent with minimal depressive symptoms. GAD-7 score 5. Current medications: sertraline. Patient reports taking medications as prescribed. Safety screening negative. Sleep hygiene counseling provided."
N0508,E0508,P106,2024-03-23,"Outpatient behavioral health follow-up visit. PHQ-9 score 0, consistent with minimal depressive symptoms. GAD-7 score 0. Current medications: sertraline. Patient reports taking medications as prescribed. Safety screening negative. Will coordinate with primary care."
N0509,E0509,P106,2024-06-29,"Outpatient behavioral health follow-up visit. PHQ-9 score 0, consistent with minimal depressive symptoms. GAD-7 score 2. Current medications: sertraline. Patient reports taking medications as prescribed. Safety screening negative. Will coordinate with primary care."
N0510,E0510,P106,2024-11-01,"Outpatient behavioral health follow-up visit. PHQ-9 score 0, consistent with minimal depressive symptoms. GAD-7 score 2. Current medications: sertraline. Patient reports taking medications as prescribed. Safety screening negative. Sleep hygiene counseling provided."
N0511,E0511,P107,2023-03-24,"Outpatient behavioral health follow-up visit. PHQ-9 score 13, consistent with moderate depressive symptoms. GAD-7 score 8. Current medications: lisinopril, naltrexone, quetiapine, sertraline. Patient reports taking medications as prescribed. Safety screening negative. Referred to psychotherapy."
N0512,E0512,P107,2023-08-12,"Outpatient behavioral health follow-up visit. PHQ-9 score 17, consistent with moderately severe depressive symptoms. GAD-7 score 8. Current medications: lisinopril, naltrexone, quetiapine, sertraline. Patient reports taking medications as prescribed. Safety screening negative. Sleep hygiene counseling provided."
N0513,E0513,P107,2023-10-21,"Outpatient behavioral health follow-up visit. PHQ-9 score 18, consistent with moderately severe depressive symptoms. GAD-7 score 9. Current medications: lisinopril, naltrexone, quetiapine, sertraline. Patient reports taking medications as prescribed. Safety screening negative. Referred to psychotherapy."
N0514,E0514,P107,2024-06-08,"Patient brought to the emergency department after a panic episode at work. PHQ-9 score 19, consistent with moderately severe depressive symptoms. GAD-7 score 10. Current medications: lisinopril, naltrexone, quetiapine, sertraline. Patient reports taking medications as prescribed. Safety screening negative. Sleep hygiene counseling provided."
N0515,E0515,P107,2024-11-23,"Outpatient behavioral health follow-up visit. PHQ-9 score 21, consistent with severe depressive symptoms. GAD-7 score 13. Current medications: lisinopril, naltrexone, quetiapine, sertraline. Patient reports taking medications as prescribed. Safety screening positive for passive thoughts of death; safety plan reviewed and crisis resources provided. Follow-up in four weeks."
N0516,E0516,P107,2025-05-03,"Outpatient behavioral health follow-up visit. PHQ-9 score 22, consistent with severe depressive symptoms. GAD-7 score 18. Current medications: lisinopril, naltrexone, quetiapine, sertraline. Patient reports taking medications as prescribed. Safety screening negative. Sleep hygiene counseling provided."
N0517,E0517,P108,2023-03-29,"Outpatient behavioral health follow-up visit. PHQ-9 score 7, consistent with mild depressive symptoms. GAD-7 score 5. Current medications: escitalopram. Patient reports taking medications as prescribed. Safety screening negative. Sleep hygiene counseling provided."
N0518,E0518,P108,2023-07-05,"Outpatient behavioral health follow-up visit. PHQ-9 score 8, consistent with mild depressive symptoms. GAD-7 score 6. Current medications: escitalopram. Patient reports taking medications as prescribed. Safety screening negative. Follow-up in four weeks."
N0519,E0519,P108,2023-08-12,"Outpatient behavioral health follow-up visit. PHQ-9 score 8, consistent with mild depressive symptoms. GAD-7 score 5. Current medications: escitalopram. Patient reports taking medications as prescribed. Safety screening negative. Referred to psychotherapy."
N0520,E0520,P108,2024-03-15,"Outpatient behavioral health follow-up visit. PHQ-9 score 14, consistent with moderate depressive symptoms. GAD-7 score 9. Current medications: escitalopram. Patient reports taking medications as prescribed. Safety screening negative. Follow-up in four weeks."
N0521,E0521,P108,2025-01-12,"Patient brought to the emergency department after a panic episode at work. PHQ-9 score 13, consistent with moderate depressive symptoms. GAD-7 score 8. Current medications: escitalopram. Patient reports taking medications as prescribed. Safety screening negative. Follow-up in four weeks."
N0522,E0522,P108,2025-03-08,"Outpatient behavioral health follow-up visit. PHQ-9 score 16, consistent with moderately severe depressive symptoms. GAD-7 score 12. Current medications: escitalopram. Patient reports taking medications as prescribed. Safety screening negative. Follow-up in four weeks."
N0523,E0523,P109,2023-04-13,"Outpatient behavioral health follow-up visit. PHQ-9 score 16, consistent with moderately severe depressive symptoms. GAD-7 score 13. Current medications: sertraline. Patient reports taking medications as prescribed. Safety screening negative. Sleep hygiene counseling provided."
N0524,E0524,P109,2023-07-22,"Outpatient behavioral health follow-up visit. PHQ-9 score 11, consistent with moderate depressive symptoms. GAD-7 score 7. Current medications: sertraline. Patient reports taking medications as prescribed. Safety screening negative. Referred to psychotherapy."
N0525,E0525,P109,2023-08-13,"Outpatient behavioral health follow-up visit. PHQ-9 score 11, consistent with moderate depressive symptoms. GAD-7 score 10. Current medications: sertraline. Patient reports taking medications as prescribed. Safety screening negative. Referred to psychotherapy."
N0526,E0526,P109,2024-08-16,"Emergency visit for worsening depressed mood and inability to sleep for several days. PHQ-9 score 10, consistent with moderate depressive symptoms. GAD-7 score 5. Current medications: sertraline. Patient reports taking medications as prescribed. Safety screening negative. Referred to psychotherapy."
N0527,E0527,P110,2023-06-18,"Emergency visit for worsening depressed mood and inability to sleep for several days. PHQ-9 score 13, consistent with moderate depressive symptoms. GAD-7 score 8. Current medications: escitalopram, trazodone. Patient reports taking medications as prescribed. Safety screening negative. Referred to psychotherapy."
N0528,E0528,P110,2024-01-31,"Outpatient behavioral health follow-up visit. PHQ-9 score 14, consistent with moderate depressive symptoms. GAD-7 score 10. Current medications: escitalopram, trazodone. Patient reports taking medications as prescribed. Safety screening negative. Follow-up in four weeks."
N0529,E0529,P110,2024-08-04,"Outpatient behavioral health follow-up visit. PHQ-9 score 14, consistent with moderate depressive symptoms. GAD-7 score 7. Current medications: escitalopram, trazodone. Patient reports taking medications as prescribed. Safety screening negative. Follow-up in four weeks."
N0530,E0530,P110,2024-10-01,"Outpatient behavioral health follow-up visit. PHQ-9 score 16, consistent with moderately severe depressive symptoms. GAD-7 score 9. Current medications: escitalopram, trazodone. Patient reports taking medications as prescribed. Safety screening negative. Will coordinate with primary care."
N0531,E0531,P111,2023-02-08,"Outpatient behavioral health follow-up visit. PHQ-9 score 13, consistent with moderate depressive symptoms. GAD-7 score 9. Current medications: sertraline, trazodone. Patient reports frequently missing doses due to side effects. Safety screening negative. Will coordinate with primary care."
N0532,E0532,P111,2023-09-04,"Outpatient behavioral health follow-up visit. PHQ-9 score 10, consistent with moderate depressive symptoms. GAD-7 score 9. Current medications: sertraline, trazodone. Patient reports frequently missing doses due to side effects. Safety screening negative. Follow-up in four weeks."
N0533,E0533,P111,2024-09-14,"Outpatient behavioral health follow-up visit. PHQ-9 score 11, consistent with moderate depressive symptoms. GAD-7 score 8. Current medications: sertraline, trazodone. Patient reports frequently missing doses due to side effects. Safety screening negative. Follow-up in four weeks."
N0534,E0534,P112,2023-02-11,"Outpatient behavioral health follow-up visit. PHQ-9 score 1, consistent with minimal depressive symptoms. GAD-7 score 2. Current medications: lisinopril, trazodone. Patient reports taking medications as prescribed. Safety screening negative. Will coordinate with primary care."
N0535,E0535,P112,2023-10-26,"Outpatient behavioral health follow-up visit. PHQ-9 score 4, consistent with minimal depressive symptoms. GAD-7 score 5. Current medications: lisinopril, trazodone. Patient reports taking medications as prescribed. Safety screening negative. Follow-up in four weeks."
N0536,E0536,P112,2024-03-10,"Outpatient behavioral health follow-up visit. PHQ-9 score 5, consistent with mild depressive symptoms. GAD-7 score 0. Current medications: lisinopril, trazodone. Patient reports taking medications as prescribed. Safety screening negative. Sleep hygiene counseling provided."
N0537,E0537,P113,2023-01-04,"Emergency visit for worsening depressed mood and inability to sleep for several days. PHQ-9 score 9, consistent with mild depressive symptoms. GAD-7 score 4. Current medications: buspirone, escitalopram. Patient reports frequently missing doses due to side effects. Safety screening negative. Referred to psychotherapy."
N0538,E0538,P113,2023-02-03,"Outpatient behavioral health follow-up visit. PHQ-9 score 8, consistent with mild depressive symptoms. GAD-7 score 2. Current medications: buspirone, escitalopram. Patient reports frequently missing doses due to side effects. Safety screening negative. Will coordinate with primary care."
N0539,E0539,P113,2024-04-01,"Outpatient behavioral health follow-up visit. PHQ-9 score 10, consistent with moderate depressive symptoms. GAD-7 score 5. Current medications: buspirone, escitalopram. Patient reports frequently missing doses due to side effects. Safety screening negative. Will coordinate with primary care."
N0540,E0540,P113,2024-09-20,"Outpatient behavioral health follow-up visit. PHQ-9 score 14, consistent with moderate depressive symptoms. GAD-7 score 8. Current medications: buspirone, escitalopram. Patient reports frequently missing doses due to side effects. Safety screening negative. Referred to psychotherapy."
N0541,E0541,P114,2023-03-19,"Outpatient behavioral health follow-up visit. PHQ-9 score 0, consistent with minimal depressive symptoms. GAD-7 score 0. Current medications: trazodone. Patient reports frequently missing doses due to side effects. Safety screening negative. Follow-up in four weeks."
N0542,E0542,P114,2024-01-11,"Outpatient behavioral health follow-up visit. PHQ-9 score 3, consistent with minimal depressive symptoms. GAD-7 score 1. Current medications: trazodone. Patient reports frequently missing doses due to side effects. Safety screening negative. Follow-up in four weeks."
N0543,E0543,P114,2024-04-17,"Outpatient behavioral health follow-up visit. PHQ-9 score 5, consistent with mild depressive symptoms. GAD-7 score 6. Current medications: trazodone. Patient reports frequently missing doses due to side effects. Safety screening negative. Sleep hygiene counseling provided."
N0544,E0544,P114,2024-08-07,"Outpatient behavioral health follow-up visit. PHQ-9 score 8, consistent with mild depressive symptoms. GAD-7 score 7. Current medications: trazodone. Patient reports frequently missing doses due to side effects. Safety screening negative. Referred to psychotherapy."
N0545,E0545,P114,2024-10-29,"Outpatient behavioral health follow-up visit. PHQ-9 score 7, consistent with mild depressive symptoms. GAD-7 score 6. Current medications: trazodone. Patient reports frequently missing doses due to side effects. Safety screening negative. Referred to psychotherapy."
N0546,E0546,P114,2025-02-02,"Outpatient behavioral health follow-up visit. PHQ-9 score 12, consistent with moderate depressive symptoms. GAD-7 score 6. Current medications: trazodone. Patient reports frequently missing doses due to side effects. Safety screening negative. Sleep hygiene counseling provided."
N0547,E0547,P114,2025-04-15,"Outpatient behavioral health follow-up visit. PHQ-9 score 14, consistent with moderate depressive symptoms. GAD-7 score 8. Current medications: trazodone. Patient reports frequently missing doses due to side effects. Safety screening negative. Sleep hygiene counseling provided."
N0548,E0548,P115,2023-08-06,"Outpatient behavioral health follow-up visit. PHQ-9 score 3, consistent with minimal depressive symptoms. GAD-7 score 3. Current medications: metformin, sertraline, trazodone. Patient reports taking medications as prescribed. Safety screening negative. Will coordinate with primary care."
N0549,E0549,P115,2023-08-07,"Outpatient behavioral health follow-up visit. PHQ-9 score 0, consistent with minimal depressive symptoms. GAD-7 score 0. Current medications: metformin, sertraline, trazodone. Patient reports taking medications as prescribed. Safety screening negative. Will coordinate with primary care."
N0550,E0550,P115,2023-09-14,"Outpatient behavioral health follow-up visit. PHQ-9 score 1, consistent with minimal depressive symptoms. GAD-7 score 0. Current medications: metformin, sertraline, trazodone. Patient reports taking medications as prescribed. Safety screening negative. Will coordinate with primary care."
N0551,E0551,P115,2023-10-17,"Patient presented to the emergency department with acute anxiety and chest tightness. PHQ-9 score 0, consistent with minimal depressive symptoms. GAD-7 score 0. Current medications: metformin, sertraline, trazodone. Patient reports taking medications as prescribed. Safety screening negative. Will coordinate with primary care."
N0552,E0552,P115,2023-11-16,"Outpatient behavioral health follow-up visit. PHQ-9 score 1, consistent with minimal depressive symptoms. GAD-7 score 0. Current medications: metformin, sertraline, trazodone. Patient reports taking medications as prescribed. Safety screening negative. Will coordinate with primary care."
N0553,E0553,P115,2024-08-14,"Outpatient behavioral health follow-up visit. PHQ-9 score 1, consistent with minimal depressive symptoms. GAD-7 score 0. Current medications: metformin, sertraline, trazodone. Patient reports taking medications as prescribed. Safety screening negative. Will coordinate with primary care."
N0554,E0554,P115,2024-10-07,"Outpatient behavioral health follow-up visit. PHQ-9 score 3, consistent with minimal depressive symptoms. GAD-7 score 1. Current medications: metformin, sertraline, trazodone. Patient reports taking medications as prescribed. Safety screening negative. Referred to psychotherapy."
N0555,E0555,P116,2023-06-05,"Outpatient behavioral health follow-up visit. PHQ-9 score 9, consistent with mild depressive symptoms. GAD-7 score 6. Current medications: escitalopram, trazodone. Patient reports taking medications as prescribed. Safety screening negative. Will coordinate with primary care."
N0556,E0556,P116,2024-06-19,"Outpatient behavioral health follow-up visit. PHQ-9 score 10, consistent with moderate depressive symptoms. GAD-7 score 7. Current medications: escitalopram, trazodone. Patient reports taking medications as prescribed. Safety screening negative. Follow-up in four weeks."
N0557,E0557,P116,2024-07-31,"Outpatient behavioral health follow-up visit. PHQ-9 score 11, consistent with moderate depressive symptoms. GAD-7 score 8. Current medications: escitalopram, trazodone. Patient reports taking medications as prescribed. Safety screening negative. Sleep hygiene counseling provided."
N0558,E0558,P116,2024-09-13,"Outpatient behavioral health follow-up visit. PHQ-9 score 12, consistent with moderate depressive symptoms. GAD-7 score 6. Current medications: escitalopram, trazodone. Patient reports taking medications as prescribed. Safety screening negative. Follow-up in four weeks."
N0559,E0559,P117,2024-03-23,"Outpatient behavioral health follow-up visit. PHQ-9 score 0, consistent with minimal depressive symptoms. GAD-7 score 0. Current medications: sertraline. Patient reports taking medications as prescribed. Safety screening negative. Will coordinate with primary care."
N0560,E0560,P117,2024-11-11,"Outpatient behavioral health follow-up visit. PHQ-9 score 2, consistent with minimal depressive symptoms. GAD-7 score 0. Current medications: sertraline. Patient reports taking medications as prescribed. Safety screening negative. Will coordinate with primary care."
N0561,E0561,P117,2025-02-14,"Outpatient behavioral health follow-up visit. PHQ-9 score 6, consistent with mild depressive symptoms. GAD-7 score 3. Current medications: sertraline. Patient reports taking medications as prescribed. Safety screening negative. Follow-up in four weeks."
N0562,E0562,P117,2025-05-11,"Outpatient behavioral health follow-up visit. PHQ-9 score 5, consistent with mild depressive symptoms. GAD-7 score 0. Current medications: sertraline. Patient reports taking medications as prescribed. Safety screening negative. Referred to psychotherapy."
N0563,E0563,P118,2023-05-08,"Outpatient behavioral health follow-up visit. PHQ-9 score 12, consistent with moderate depressive symptoms. GAD-7 score 11. Current medications: amlodipine, lithium, metformin. Patient reports taking medications as prescribed. Safety screening negative. Referred to psychotherapy."
N0564,E0564,P118,2024-05-10,"Outpatient behavioral health follow-up visit. PHQ-9 score 15, consistent with moderately severe depressive symptoms. GAD-7 score 10. Current medications: amlodipine, lithium, metformin. Patient reports taking medications as prescribed. Safety screening negative. Sleep hygiene counseling provided."
N0565,E0565,P118,2024-09-28,"Patient presented to the emergency department with acute anxiety and chest tightness. PHQ-9 score 14, consistent with moderate depressive symptoms. GAD-7 score 9. Current medications: amlodipine, lithium, metformin. Patient reports taking medications as prescribed. Safety screening negative. Sleep hygiene counseling provided."
N0566,E0566,P118,2024-12-18,"Outpatient behavioral health follow-up visit. PHQ-9 score 15, consistent with moderately severe depressive symptoms. GAD-7 score 10. Current medications: amlodipine, lithium, metformin. Patient reports taking medications as prescribed. Safety screening negative. Referred to psychotherapy."
N0567,E0567,P118,2024-12-22,"Outpatient behavioral health follow-up visit. PHQ-9 score 18, consistent with moderately severe depressive symptoms. GAD-7 score 12. Current medications: amlodipine, lithium, metformin. Patient reports taking medications as prescribed. Safety screening negative. Sleep hygiene counseling provided."
N0568,E0568,P119,2023-01-22,"Outpatient behavioral health follow-up visit. PHQ-9 score 15, consistent with moderately severe depressive symptoms. GAD-7 score 9. Current medications: acamprosate, escitalopram, prazosin. Patient reports taking medications as prescribed. Safety screening negative. Sleep hygiene counseling provided."
N0569,E0569,P119,2023-02-04,"Outpatient behavioral health follow-up visit. PHQ-9 score 14, consistent with moderate depressive symptoms. GAD-7 score 9. Current medications: acamprosate, escitalopram, prazosin. Patient reports taking medications as prescribed. Safety screening negative. Sleep hygiene counseling provided."
N0570,E0570,P119,2023-04-15,"Outpatient behavioral health follow-up visit. PHQ-9 score 14, consistent with moderate depressive symptoms. GAD-7 score 8. Current medications: acamprosate, escitalopram, prazosin. Patient reports taking medications as prescribed. Safety screening negative. Follow-up in four weeks."
N0571,E0571,P119,2023-10-24,"Outpatient behavioral health follow-up visit. PHQ-9 score 9, consistent with mild depressive symptoms. GAD-7 score 9. Current medications: acamprosate, escitalopram, prazosin. Patient reports taking medications as prescribed. Safety screening negative. Sleep hygiene counseling provided."
N0572,E0572,P119,2025-03-16,"Outpatient behavioral health follow-up visit. PHQ-9 score 9, consistent with mild depressive symptoms. GAD-7 score 5. Current medications: acamprosate, escitalopram, prazosin. Patient reports taking medications as prescribed. Safety screening negative. Sleep hygiene counseling provided."
N0573,E0573,P120,2023-01-30,"Outpatient behavioral health follow-up visit. PHQ-9 score 17, consistent with moderately severe depressive symptoms. GAD-7 score 11. Current medications: bupropion, metformin, prazosin. Patient reports taking medications as prescribed. Safety screening negative. Sleep hygiene counseling provided."
N0574,E0574,P120,2023-05-05,"Outpatient behavioral health follow-up visit. PHQ-9 score 17, consistent with moderately severe depressive symptoms. GAD-7 score 14. Current medications: bupropion, metformin, prazosin. Patient reports taking medications as prescribed. Safety screening negative. Sleep hygiene counseling provided."
N0575,E0575,P120,2023-09-16,"Outpatient behavioral health follow-up visit. PHQ-9 score 13, consistent with moderate depressive symptoms. GAD-7 score 12. Current medications: bupropion, metformin, prazosin. Patient reports taking medications as prescribed. Safety screening negative. Follow-up in four weeks."
N0576,E0576,P120,2024-03-10,"Outpatient behavioral health follow-up visit. PHQ-9 score 10, consistent with moderate depressive symptoms. GAD-7 score 10. Current medications: bupropion, metformin, prazosin. Patient reports taking medications as prescribed. Safety screening negative. Sleep hygiene counseling provided."
N0577,E0577,P120,2024-08-21,"Outpatient behavioral health follow-up visit. PHQ-9 score 7, consistent with mild depressive symptoms. GAD-7 score 7. Current medications: bupropion, metformin, prazosin. Patient reports taking medications as prescribed. Safety screening negative. Will coordinate with primary care."
N0578,E0578,P120,2025-02-18,"Outpatient behavioral health follow-up visit. PHQ-9 score 8, consistent with mild depressive symptoms. GAD-7 score 2. Current medications: bupropion, metformin, prazosin. Patient reports taking medications as prescribed. Safety screening negative. Follow-up in four weeks."
N0579,E0579,P120,2025-04-10,"Outpatient behavioral health follow-up visit. PHQ-9 score 6, consistent with mild depressive symptoms. GAD-7 score 6. Current medications: bupropion, metformin, prazosin. Patient reports taking medications as prescribed. Safety screening negative. Follow-up in four weeks."
N0580,E0580,P121,2023-09-27,"Outpatient behavioral health follow-up visit. PHQ-9 score 0, consistent with minimal depressive symptoms. GAD-7 score 0. Current medications: amlodipine. Patient reports taking medications as prescribed. Safety screening negative. Will coordinate with primary care."
N0581,E0581,P121,2024-03-01,"Outpatient behavioral health follow-up visit. PHQ-9 score 0, consistent with minimal depressive symptoms. GAD-7 score 2. Current medications: amlodipine. Patient reports taking medications as prescribed. Safety screening negative. Referred to psychotherapy."
N0582,E0582,P121,2024-07-09,"Outpatient behavioral health follow-up visit. PHQ-9 score 3, consistent with minimal depressive symptoms. GAD-7 score 0. Current medications: amlodipine. Patient reports taking medications as prescribed. Safety screening negative. Sleep hygiene counseling provided."
N0583,E0583,P122,2023-10-18,"Outpatient behavioral health follow-up visit. PHQ-9 score 0, consistent with minimal depressive symptoms. GAD-7 score 0. Current medications: sertraline. Patient reports taking medications as prescribed. Safety screening negative. Referred to psychotherapy."
N0584,E0584,P122,2023-10-23,"Outpatient behavioral health follow-up visit. PHQ-9 score 0, consistent with minimal depressive symptoms. GAD-7 score 0. Current medications: sertraline. Patient reports taking medications as prescribed. Safety screening negative. Will coordinate with primary care."
N0585,E0585,P122,2024-02-01,"Patient brought to the emergency department after a panic episode at work. PHQ-9 score 0, consistent with minimal depressive symptoms. GAD-7 score 0. Current medications: sertraline. Patient reports taking medications as prescribed. Safety screening negative. Follow-up in four weeks."
N0586,E0586,P122,2024-02-03,"Outpatient behavioral health follow-up visit. PHQ-9 score 0, consistent with minimal depressive symptoms. GAD-7 score 0. Current medications: sertraline. Patient reports taking medications as prescribed. Safety screening negative. Referred to psychotherapy."
N0587,E0587,P122,2025-06-10,"Outpatient behavioral health follow-up visit. PHQ-9 score 0, consistent with minimal depressive symptoms. GAD-7 score 1. Current medications: sertraline. Patient reports taking medications as prescribed. Safety screening negative. Will coordinate with primary care."
N0588,E0588,P123,2023-03-05,"Outpatient behavioral health follow-up visit. PHQ-9 score 10, consistent with moderate depressive symptoms. GAD-7 score 9. Current medications: lithium. Patient reports taking medications as prescribed. Safety screening negative. Will coordinate with primary care."
N0589,E0589,P123,2023-03-24,"Outpatient behavioral health follow-up visit. PHQ-9 score 9, consistent with mild depressive symptoms. GAD-7 score 6. Current medications: lithium. Patient reports taking medications as prescribed. Safety screening negative. Will coordinate with primary care."
N0590,E0590,P123,2023-12-17,"Outpatient behavioral health follow-up visit. PHQ-9 score 7, consistent with mild depressive symptoms. GAD-7 score 3. Current medications: lithium. Patient reports taking medications as prescribed. Safety screening negative. Sleep hygiene counseling provided."
N0591,E0591,P123,2024-07-11,"Outpatient behavioral health follow-up visit. PHQ-9 score 7, consistent with mild depressive symptoms. GAD-7 score 6. Current medications: lithium. Patient reports taking medications as prescribed. Safety screening negative. Referred to psychotherapy."
N0592,E0592,P123,2024-11-07,"Patient brought to the emergency department after a panic episode at work. PHQ-9 score 5, consistent with mild depressive symptoms. GAD-7 score 2. Current medications: lithium. Patient reports taking medications as prescribed. Safety screening negative. Referred to psychotherapy."
N0593,E0593,P123,2024-12-14,"Outpatient behavioral health follow-up visit. PHQ-9 score 1, consistent with minimal depressive symptoms. GAD-7 score 0. Current medications: lithium. Patient reports taking medications as prescribed. Safety screening negative. Will coordinate with primary care."
N0594,E0594,P124,2023-07-27,"Outpatient behavioral health follow-up visit. PHQ-9 score 7, consistent with mild depressive symptoms. GAD-7 score 7. Current medications: amlodipine. Patient reports taking medications as prescribed. Safety screening negative. Sleep hygiene counseling provided."
N0595,E0595,P124,2023-11-03,"Outpatient behavioral health follow-up visit. PHQ-9 score 6, consistent with mild depressive symptoms. GAD-7 score 5. Current medications: amlodipine. Patient reports taking medications as prescribed. Safety screening negative. Will coordinate with primary care."
N0596,E0596,P124,2023-12-19,"Outpatient behavioral health follow-up visit. PHQ-9 score 6, consistent with mild depressive symptoms. GAD-7 score 6. Current medications: amlodipine. Patient reports taking medications as prescribed. Safety screening negative. Referred to psychotherapy."
N0597,E0597,P124,2024-01-10,"Outpatient behavioral health follow-up visit. PHQ-9 score 6, consistent with mild depressive symptoms. GAD-7 score 5. Current medications: amlodipine. Patient reports taking medications as prescribed. Safety screening negative. Referred to psychotherapy."
N0598,E0598,P124,2024-10-07,"Patient admitted to the inpatient psychiatric unit for stabilization. PHQ-9 score 4, consistent with minimal depressive symptoms. GAD-7 score 3. Current medications: amlodipine. Patient reports taking medications as prescribed. Safety screening negative. Sleep hygiene counseling provided."
N0599,E0599,P124,2024-11-04,"Patient admitted to the inpatient psychiatric unit for stabilization. PHQ-9 score 4, consistent with minimal depressive symptoms. GAD-7 score 5. Current medications: amlodipine. Patient reports taking medications as prescribed. Safety screening negative. Referred to psychotherapy."
N0600,E0600,P124,2024-11-13,"Outpatient behavioral health follow-up visit. PHQ-9 score 7, consistent with mild depressive symptoms. GAD-7 score 7. Current medications: amlodipine. Patient reports taking medications as prescribed. Safety screening negative. Sleep hygiene counseling provided."
N0601,E0601,P125,2023-01-15,"Outpatient behavioral health follow-up visit. PHQ-9 score 1, consistent with minimal depressive symptoms. GAD-7 score 1. Current medications: acamprosate, metformin. Patient reports frequently missing doses due to side effects. Safety screening negative. Sleep hygiene counseling provided."
N0602,E0602,P125,2023-01-24,"Outpatient behavioral health follow-up visit. PHQ-9 score 4, consistent with minimal depressive symptoms. GAD-7 score 0. Current medications: acamprosate, metformin. Patient reports frequently missing doses due to side effects. Safety screening negative. Sleep hygiene counseling provided."
N0603,E0603,P125,2023-02-13,"Outpatient behavioral health follow-up visit. PHQ-9 score 5, consistent with mild depressive symptoms. GAD-7 score 1. Current medications: acamprosate, metformin. Patient reports frequently missing doses due to side effects. Safety screening negative. Referred to psychotherapy."
N0604,E0604,P125,2024-03-12,"Patient brought to the emergency department after a panic episode at work. PHQ-9 score 8, consistent with mild depressive symptoms. GAD-7 score 5. Current medications: acamprosate, metformin. Patient reports frequently missing doses due to side effects. Safety screening negative. Will coordinate with primary care."
N0605,E0605,P125,2025-05-30,"Outpatient behavioral health follow-up visit. PHQ-9 score 7, consistent with mild depressive symptoms. GAD-7 score 3. Current medications: acamprosate, metformin. Patient reports frequently missing doses due to side effects. Safety screening negative. Sleep hygiene counseling provided."
N0606,E0606,P126,2024-01-21,"Patient presented to the emergency department with acute anxiety and chest tightness. PHQ-9 score 14, consistent with moderate depressive symptoms. GAD-7 score 7. Current medications: amlodipine, escitalopram. Patient reports frequently missing doses due to side effects. Safety screening negative. Will coordinate with primary care."
N0607,E0607,P126,2024-03-29,"Outpatient behavioral health follow-up visit. PHQ-9 score 13, consistent with moderate depressive symptoms. GAD-7 score 12. Current medications: amlodipine, escitalopram. Patient reports frequently missing doses due to side effects. Safety screening negative. Follow-up in four weeks."
N0608,E0608,P126,2024-04-07,"Outpatient behavioral health follow-up visit. PHQ-9 score 12, consistent with moderate depressive symptoms. GAD-7 score 6. Current medications: amlodipine, escitalopram. Patient reports frequently missing doses due to side effects. Safety screening negative. Referred to psychotherapy."
N0609,E0609,P126,2024-04-14,"Outpatient behavioral health follow-up visit. PHQ-9 score 14, consistent with moderate depressive symptoms. GAD-7 score 6. Current medications: amlodipine, escitalopram. Patient reports frequently missing doses due to side effects. Safety screening negative. Follow-up in four weeks."
N0610,E0610,P126,2024-06-27,"Outpatient behavioral health follow-up visit. PHQ-9 score 11, consistent with moderate depressive symptoms. GAD-7 score 5. Current medications: amlodipine, escitalopram. Patient reports frequently missing doses due to side effects. Safety screening negative. Referred to psychotherapy."
N0611,E0611,P126,2024-10-01,"Outpatient behavioral health follow-up visit. PHQ-9 score 10, consistent with moderate depressive symptoms. GAD-7 score 9. Current medications: amlodipine, escitalopram. Patient reports frequently missing doses due to side effects. Safety screening negative. Referred to psychotherapy."
N0612,E0612,P127,2023-02-24,"Outpatient behavioral health follow-up visit. PHQ-9 score 2, consistent with minimal depressive symptoms. GAD-7 score 0. Current medications: buspirone. Patient reports frequently missing doses due to side effects. Safety screening negative. Referred to psychotherapy."
N0613,E0613,P127,2023-07-26,"Emergency visit for worsening depressed mood and inability to sleep for several days. PHQ-9 score 3, consistent with minimal depressive symptoms. GAD-7 score 4. Current medications: buspirone. Patient reports frequently missing doses due to side effects. Safety screening negative. Referred to psychotherapy."
N0614,E0614,P127,2023-10-23,"Outpatient behavioral health follow-up visit. PHQ-9 score 1, consistent with minimal depressive symptoms. GAD-7 score 1. Current medications: buspirone. Patient reports frequently missing doses due to side effects. Safety screening negative. Referred to psychotherapy."
N0615,E0615,P127,2024-12-24,"Outpatient behavioral health follow-up visit. PHQ-9 score 0, consistent with minimal depressive symptoms. GAD-7 score 0. Current medications: buspirone. Patient reports frequently missing doses due to side effects. Safety screening negative. Will coordinate with primary care."
N0616,E0616,P127,2024-12-26,"Patient presented to the emergency department with acute anxiety and chest tightness. PHQ-9 score 0, consistent with minimal depressive symptoms. GAD-7 score 2. Current medications: buspirone. Patient reports frequently missing doses due to side effects. Safety screening negative. Sleep hygiene counseling provided."
N0617,E0617,P128,2023-08-09,"Outpatient behavioral health follow-up visit. PHQ-9 score 15, consistent with moderately severe depressive symptoms. GAD-7 score 8. Current medications: sertraline. Patient reports taking medications as prescribed. Safety screening negative. Will coordinate with primary care."
N0618,E0618,P128,2024-04-01,"Outpatient behavioral health follow-up visit. PHQ-9 score 13, consistent with moderate depressive symptoms. GAD-7 score 9. Current medications: sertraline. Patient reports taking medications as prescribed. Safety screening negative. Will coordinate with primary care."
N0619,E0619,P128,2024-07-13,"Outpatient behavioral health follow-up visit. PHQ-9 score 14, consistent with moderate depressive symptoms. GAD-7 score 12. Current medications: sertraline. Patient reports taking medications as prescribed. Safety screening negative. Sleep hygiene counseling provided."
N0620,E0620,P128,2025-05-17,"Outpatient behavioral health follow-up visit. PHQ-9 score 9, consistent with mild depressive symptoms. GAD-7 score 3. Current medications: sertraline. Patient reports taking medications as prescribed. Safety screening negative. Will coordinate with primary care."
N0621,E0621,P129,2023-09-08,"Outpatient behavioral health follow-up visit. PHQ-9 score 6, consistent with mild depressive symptoms. GAD-7 score 2. Current medications: lisinopril, metformin, sertraline. Patient reports taking medications as prescribed. Safety screening negative. Follow-up in four weeks."
N0622,E0622,P129,2024-08-27,"Emergency visit for worsening depressed mood and inability to sleep for several days. PHQ-9 score 8, consistent with mild depressive symptoms. GAD-7 score 4. Current medications: lisinopril, metformin, sertraline. Patient reports taking medications as prescribed. Safety screening negative. Follow-up in four weeks."
N0623,E0623,P129,2024-11-11,"Outpatient behavioral health follow-up visit. PHQ-9 score 7, consistent with mild depressive symptoms. GAD-7 score 2. Current medications: lisinopril, metformin, sertraline. Patient reports taking medications as prescribed. Safety screening negative. Will coordinate with primary care."
N0624,E0624,P130,2023-04-07,"Outpatient behavioral health follow-up visit. PHQ-9 score 12, consistent with moderate depressive symptoms. GAD-7 score 10. Current medications: sertraline. Patient reports taking medications as prescribed. Safety screening negative. Sleep hygiene counseling provided."
N0625,E0625,P130,2023-12-08,"Outpatient behavioral health follow-up visit. PHQ-9 score 10, consistent with moderate depressive symptoms. GAD-7 score 6. Current medications: sertraline. Patient reports taking medications as prescribed. Safety screening negative. Will coordinate with primary care."
N0626,E0626,P130,2025-05-22,"Patient presented to the emergency department with acute anxiety and chest tightness. PHQ-9 score 13, consistent with moderate depressive symptoms. GAD-7 score 8. Current medications: sertraline. Patient reports taking medications as prescribed. Safety screening negative. Will coordinate with primary care."
N0627,E0627,P131,2023-02-05,"Outpatient behavioral health follow-up visit. PHQ-9 score 3, consistent with minimal depressive symptoms. GAD-7 score 5. Current medications: escitalopram, trazodone. Patient reports taking medications as prescribed. Safety screening negative. Referred to psychotherapy."
N0628,E0628,P131,2023-03-25,"Outpatient behavioral health follow-up visit. PHQ-9 score 3, consistent with minimal depressive symptoms. GAD-7 score 0. Current medications: escitalopram, trazodone. Patient reports taking medications as prescribed. Safety screening negative. Referred to psychotherapy."
N0629,E0629,P131,2023-08-02,"Outpatient behavioral health follow-up visit. PHQ-9 score 1, consistent with minimal depressive symptoms. GAD-7 score 2. Current medications: escitalopram, trazodone. Patient reports taking medications as prescribed. Safety screening negative. Will coordinate with primary care."
N0630,E0630,P131,2024-06-24,"Outpatient behavioral health follow-up visit. PHQ-9 score 3, consistent with minimal depressive symptoms. GAD-7 score 3. Current medications: escitalopram, trazodone. Patient reports taking medications as prescribed. Safety screening negative. Will coordinate with primary care."
N0631,E0631,P131,2024-07-15,"Outpatient behavioral health follow-up visit. PHQ-9 score 4, consistent with minimal depressive symptoms. GAD-7 score 0. Current medications: escitalopram, trazodone. Patient reports taking medications as prescribed. Safety screening negative. Follow-up in four weeks."
N0632,E0632,P131,2024-12-10,"Outpatient behavioral health follow-up visit. PHQ-9 score 2, consistent with minimal depressive symptoms. GAD-7 score 2. Current medications: escitalopram, trazodone. Patient reports taking medications as prescribed. Safety screening negative. Will coordinate with primary care."
N0633,E0633,P132,2023-05-14,"Outpatient behavioral health follow-up visit. PHQ-9 score 2, consistent with minimal depressive symptoms. GAD-7 score 3. Current medications: buspirone. Patient reports taking medications as prescribed. Safety screening negative. Will coordinate with primary care."
N0634,E0634,P132,2024-01-24,"Outpatient behavioral health follow-up visit. PHQ-9 score 3, consistent with minimal depressive symptoms. GAD-7 score 2. Current medications: buspirone. Patient reports taking medications as prescribed. Safety screening negative. Sleep hygiene counseling provided."
N0635,E0635,P132,2024-04-08,"Outpatient behavioral health follow-up visit. PHQ-9 score 1, consistent with minimal depressive symptoms. GAD-7 score 3. Current medications: buspirone. Patient reports taking medications as prescribed. Safety screening negative. Follow-up in four weeks."
N0636,E0636,P132,2024-08-31,"Outpatient behavioral health follow-up visit. PHQ-9 score 3, consistent with minimal depressive symptoms. GAD-7 score 3. Current medications: buspirone. Patient reports taking medications as prescribed. Safety screening negative. Sleep hygiene counseling provided."
N0637,E0637,P132,2025-02-04,"Outpatient behavioral health follow-up visit. PHQ-9 score 2, consistent with minimal depressive symptoms. GAD-7 score 4. Current medications: buspirone. Patient reports taking medications as prescribed. Safety screening negative. Follow-up in four weeks."
N0638,E0638,P133,2023-03-18,"Outpatient behavioral health follow-up visit. PHQ-9 score 12, consistent with moderate depressive symptoms. GAD-7 score 7. Current medications: bupropion, buspirone, prazosin, trazodone. Patient reports taking medications as prescribed. Safety screening negative. Referred to psychotherapy."
N0639,E0639,P133,2023-05-23,"Outpatient behavioral health follow-up visit. PHQ-9 score 10, consistent with moderate depressive symptoms. GAD-7 score 4. Current medications: bupropion, buspirone, prazosin, trazodone. Patient reports taking medications as prescribed. Safety screening negative. Will coordinate with primary care."
N0640,E0640,P133,2024-02-10,"Outpatient behavioral health follow-up visit. PHQ-9 score 7, consistent with mild depressive symptoms. GAD-7 score 7. Current medications: bupropion, buspirone, prazosin, trazodone. Patient reports taking medications as prescribed. Safety screening negative. Referred to psychotherapy."
N0641,E0641,P133,2024-04-05,"Outpatient behavioral health follow-up visit. PHQ-9 score 6, consistent with mild depressive symptoms. GAD-7 score 3. Current medications: bupropion, buspirone, prazosin, trazodone. Patient reports taking medications as prescribed. Safety screening negative. Follow-up in four weeks."
N0642,E0642,P133,2024-10-31,"Outpatient behavioral health follow-up visit. PHQ-9 score 5, consistent with mild depressive symptoms. GAD-7 score 5. Current medications: bupropion, buspirone, prazosin, trazodone. Patient reports taking medications as prescribed. Safety screening negative. Will coordinate with primary care."
N0643,E0643,P133,2024-11-07,"Outpatient behavioral health follow-up visit. PHQ-9 score 3, consistent with minimal depressive symptoms. GAD-7 score 0. Current medications: bupropion, buspirone, prazosin, trazodone. Patient reports taking medications as prescribed. Safety screening negative. Sleep hygiene counseling provided."
N0644,E0644,P133,2024-11-12,"Outpatient behavioral health follow-up visit. PHQ-9 score 2, consistent with minimal depressive symptoms. GAD-7 score 4. Current medications: bupropion, buspirone, prazosin, trazodone. Patient reports taking medications as prescribed. Safety screening negative. Referred to psychotherapy."
N0645,E0645,P134,2023-06-25,"Outpatient behavioral health follow-up visit. PHQ-9 score 6, consistent with mild depressive symptoms. GAD-7 score 5. Current medications: acamprosate, lisinopril. Patient reports taking medications as prescribed. Safety screening negative. Sleep hygiene counseling provided."
N0646,E0646,P134,2024-04-19,"Outpatient behavioral health follow-up visit. PHQ-9 score 9, consistent with mild depressive symptoms. GAD-7 score 5. Current medications: acamprosate, lisinopril. Patient reports taking medications as prescribed. Safety screening negative. Follow-up in four weeks."
N0647,E0647,P134,2024-09-11,"Outpatient behavioral health follow-up visit. PHQ-9 score 6, consistent with mild depressive symptoms. GAD-7 score 1. Current medications: acamprosate, lisinopril. Patient reports taking medications as prescribed. Safety screening negative. Sleep hygiene counseling provided."
N0648,E0648,P134,2025-04-15,"Outpatient behavioral health follow-up visit. PHQ-9 score 8, consistent with mild depressive symptoms. GAD-7 score 6. Current medications: acamprosate, lisinopril. Patient reports taking medications as prescribed. Safety screening negative. Referred to psychotherapy."
N0649,E0649,P134,2025-05-14,"Outpatient behavioral health follow-up visit. PHQ-9 score 9, consistent with mild depressive symptoms. GAD-7 score 3. Current medications: acamprosate, lisinopril. Patient reports taking medications as prescribed. Safety screening negative. Referred to psychotherapy."
N0650,E0650,P135,2023-10-07,"Outpatient behavioral health follow-up visit. PHQ-9 score 8, consistent with mild depressive symptoms. GAD-7 score 2. Current medications: prazosin, venlafaxine. Patient reports taking medications as prescribed. Safety screening negative. Referred to psychotherapy."
N0651,E0651,P135,2024-01-23,"Outpatient behavioral health follow-up visit. PHQ-9 score 9, consistent with mild depressive symptoms. GAD-7 score 8. Current medications: prazosin, venlafaxine. Patient reports taking medications as prescribed. Safety screening negative. Sleep hygiene counseling provided."
N0652,E0652,P135,2024-10-09,"Outpatient behavioral health follow-up visit. PHQ-9 score 6, consistent with mild depressive symptoms. GAD-7 score 1. Current medications: prazosin, venlafaxine. Patient reports taking medications as prescribed. Safety screening negative. Sleep hygiene counseling provided."
N0653,E0653,P136,2023-02-05,"Outpatient behavioral health follow-up visit. PHQ-9 score 5, consistent with mild depressive symptoms. GAD-7 score 2. Current medications: sertraline. Patient reports taking medications as prescribed. Safety screening negative. Sleep hygiene counseling provided."
N0654,E0654,P136,2024-09-09,"Outpatient behavioral health follow-up visit. PHQ-9 score 2, consistent with minimal depressive symptoms. GAD-7 score 2. Current medications: sertraline. Patient reports taking medications as prescribed. Safety screening negative. Follow-up in four weeks."
N0655,E0655,P136,2024-10-03,"Patient admitted to the inpatient psychiatric unit for stabilization. PHQ-9 score 1, consistent with minimal depressive symptoms. GAD-7 score 3. Current medications: sertraline. Patient reports taking medications as prescribed. Safety screening negative. Sleep hygiene counseling provided."
N0656,E0656,P136,2024-11-15,"Outpatient behavioral health follow-up visit. PHQ-9 score 0, consistent with minimal depressive symptoms. GAD-7 score 1. Current medications: sertraline. Patient reports taking medications as prescribed. Safety screening negative. Sleep hygiene counseling provided."
N0657,E0657,P136,2025-06-06,"Outpatient behavioral health follow-up visit. PHQ-9 score 0, consistent with minimal depressive symptoms. GAD-7 score 0. Current medications: sertraline. Patient reports taking medications as prescribed. Safety screening negative. Referred to psychotherapy."
N0658,E0658,P137,2023-01-05,"Outpatient behavioral health follow-up visit. PHQ-9 score 15, consistent with moderately severe depressive symptoms. GAD-7 score 7. Current medications: amlodipine, venlafaxine. Patient reports taking medications as prescribed. Safety screening negative. Referred to psychotherapy."
N0659,E0659,P137,2023-05-29,"Outpatient behavioral health follow-up visit. PHQ-9 score 10, consistent with moderate depressive symptoms. GAD-7 score 4. Current medications: amlodipine, venlafaxine. Patient reports taking medications as prescribed. Safety screening negative. Will coordinate with primary care."
N0660,E0660,P137,2023-08-20,"Patient admitted to the inpatient psychiatric unit for stabilization. PHQ-9 score 8, consistent with mild depressive symptoms. GAD-7 score 6. Current medications: amlodipine, venlafaxine. Patient reports taking medications as prescribed. Safety screening negative. Referred to psychotherapy."
N0661,E0661,P137,2023-09-08,"Outpatient behavioral health follow-up visit. PHQ-9 score 6, consistent with mild depressive symptoms. GAD-7 score 7. Current medications: amlodipine, venlafaxine. Patient reports taking medications as prescribed. Safety screening negative. Follow-up in four weeks."
N0662,E0662,P137,2023-10-19,"Outpatient behavioral health follow-up visit. PHQ-9 score 4, consistent with minimal depressive symptoms. GAD-7 score 1. Current medications: amlodipine, venlafaxine. Patient reports taking medications as prescribed. Safety screening negative. Sleep hygiene counseling provided."
N0663,E0663,P137,2024-05-14,"Emergency visit for worsening depressed mood and inability to sleep for several days. PHQ-9 score 4, consistent with minimal depressive symptoms. GAD-7 score 3. Current medications: amlodipine, venlafaxine. Patient reports taking medications as prescribed. Safety screening negative. Referred to psychotherapy."
N0664,E0664,P137,2024-05-22,"Patient admitted to the inpatient psychiatric unit for stabilization. PHQ-9 score 1, consistent with minimal depressive symptoms. GAD-7 score 0. Current medications: amlodipine, venlafaxine. Patient reports taking medications as prescribed. Safety screening negative. Sleep hygiene counseling provided."
N0665,E0665,P138,2023-05-10,"Outpatient behavioral health follow-up visit. PHQ-9 score 14, consistent with moderate depressive symptoms. GAD-7 score 7. Current medications: venlafaxine. Patient reports taking medications as prescribed. Safety screening negative. Sleep hygiene counseling provided."
N0666,E0666,P138,2024-01-22,"Outpatient behavioral health follow-up visit. PHQ-9 score 12, consistent with moderate depressive symptoms. GAD-7 score 9. Current medications: venlafaxine. Patient reports taking medications as prescribed. Safety screening negative. Follow-up in four weeks."
N0667,E0667,P138,2024-10-23,"Patient brought to the emergency department after a panic episode at work. PHQ-9 score 14, consistent with moderate depressive symptoms. GAD-7 score 9. Current medications: venlafaxine. Patient reports taking medications as prescribed. Safety screening negative. Sleep hygiene counseling provided."
N0668,E0668,P139,2023-09-02,"Outpatient behavioral health follow-up visit. PHQ-9 score 6, consistent with mild depressive symptoms. GAD-7 score 4. Current medications: sertraline. Patient reports taking medications as prescribed. Safety screening negative. Follow-up in four weeks."
N0669,E0669,P139,2023-11-08,"Outpatient behavioral health follow-up visit. PHQ-9 score 9, consistent with mild depressive symptoms. GAD-7 score 3. Current medications: sertraline. Patient reports taking medications as prescribed. Safety screening negative. Follow-up in four weeks."
N0670,E0670,P139,2025-04-10,"Emergency visit for worsening depressed mood and inability to sleep for several days. PHQ-9 score 12, consistent with moderate depressive symptoms. GAD-7 score 8. Current medications: sertraline. Patient reports taking medications as prescribed. Safety screening negative. Sleep hygiene counseling provided."
N0671,E0671,P140,2023-07-08,"Patient presented to the emergency department with acute anxiety and chest tightness. PHQ-9 score 5, consistent with mild depressive symptoms. GAD-7 score 5. Current medications: buspirone, lisinopril, trazodone. Patient reports taking medications as prescribed. Safety screening negative. Follow-up in four weeks."
N0672,E0672,P140,2023-10-17,"Patient admitted to the inpatient psychiatric unit for stabilization. PHQ-9 score 5, consistent with mild depressive symptoms. GAD-7 score 4. Current medications: buspirone, lisinopril, trazodone. Patient reports taking medications as prescribed. Safety screening negative. Will coordinate with primary care."
N0673,E0673,P140,2024-10-31,"Outpatient behavioral health follow-up visit. PHQ-9 score 1, consistent with minimal depressive symptoms. GAD-7 score 0. Current medications: buspirone, lisinopril, trazodone. Patient reports taking medications as prescribed. Safety screening negative. Follow-up in four weeks."
N0674,E0674,P140,2025-03-04,"Patient admitted to the inpatient psychiatric unit for stabilization. PHQ-9 score 1, consistent with minimal depressive symptoms. GAD-7 score 0. Current medications: buspirone, lisinopril, trazodone. Patient reports taking medications as prescribed. Safety screening negative. Will coordinate with primary care."
N0675,E0675,P141,2023-05-11,"Outpatient behavioral health follow-up visit. PHQ-9 score 15, consistent with moderately severe depressive symptoms. GAD-7 score 8. Current medications: sertraline, trazodone. Patient reports taking medications as prescribed. Safety screening negative. Will coordinate with primary care."
N0676,E0676,P141,2023-06-27,"Outpatient behavioral health follow-up visit. PHQ-9 score 14, consistent with moderate depressive symptoms. GAD-7 score 10. Current medications: sertraline, trazodone. Patient reports taking medications as prescribed. Safety screening negative. Referred to psychotherapy."
N0677,E0677,P141,2024-04-14,"Outpatient behavioral health follow-up visit. PHQ-9 score 17, consistent with moderately severe depressive symptoms. GAD-7 score 8. Current medications: sertraline, trazodone. Patient reports taking medications as prescribed. Safety screening negative. Sleep hygiene counseling provided."
N0678,E0678,P141,2024-10-07,"Outpatient behavioral health follow-up visit. PHQ-9 score 20, consistent with severe depressive symptoms. GAD-7 score 12. Current medications: sertraline, trazodone. Patient reports taking medications as prescribed. Safety screening positive for passive thoughts of death; safety plan reviewed and crisis resources provided. Follow-up in four weeks."
N0679,E0679,P141,2025-06-10,"Outpatient behavioral health follow-up visit. PHQ-9 score 22, consistent with severe depressive symptoms. GAD-7 score 13. Current medications: sertraline, trazodone. Patient reports taking medications as prescribed. Safety screening positive for passive thoughts of death; safety plan reviewed and crisis resources provided. Follow-up in four weeks."
N0680,E0680,P142,2023-06-15,"Outpatient behavioral health follow-up visit. PHQ-9 score 11, consistent with moderate depressive symptoms. GAD-7 score 5. Current medications: lithium, trazodone, venlafaxine. Patient reports frequently missing doses due to side effects. Safety screening negative. Referred to psychotherapy."
N0681,E0681,P142,2023-08-05,"Outpatient behavioral health follow-up visit. PHQ-9 score 8, consistent with mild depressive symptoms. GAD-7 score 4. Current medications: lithium, trazodone, venlafaxine. Patient reports frequently missing doses due to side effects. Safety screening negative. Referred to psychotherapy."
N0682,E0682,P142,2023-09-29,"Outpatient behavioral health follow-up visit. PHQ-9 score 8, consistent with mild depressive symptoms. GAD-7 score 8. Current medications: lithium, trazodone, venlafaxine. Patient reports frequently missing doses due to side effects. Safety screening negative. Sleep hygiene counseling provided."
N0683,E0683,P142,2024-01-07,"Outpatient behavioral health follow-up visit. PHQ-9 score 8, consistent with mild depressive symptoms. GAD-7 score 3. Current medications: lithium, trazodone, venlafaxine. Patient reports frequently missing doses due to side effects. Safety screening negative. Sleep hygiene counseling provided."
N0684,E0684,P142,2024-04-29,"Outpatient behavioral health follow-up visit. PHQ-9 score 12, consistent with moderate depressive symptoms. GAD-7 score 8. Current medications: lithium, trazodone, venlafaxine. Patient reports frequently missing doses due to side effects. Safety screening negative. Will coordinate with primary care."
N0685,E0685,P142,2024-05-25,"Outpatient behavioral health follow-up visit. PHQ-9 score 8, consistent with mild depressive symptoms. GAD-7 score 8. Current medications: lithium, trazodone, venlafaxine. Patient reports frequently missing doses due to side effects. Safety screening negative. Follow-up in four weeks."
N0686,E0686,P142,2025-02-05,"Outpatient behavioral health follow-up visit. PHQ-9 score 10, consistent with moderate depressive symptoms. GAD-7 score 6. Current medications: lithium, trazodone, venlafaxine. Patient reports frequently missing doses due to side effects. Safety screening negative. Referred to psychotherapy."
N0687,E0687,P143,2023-02-07,"Outpatient behavioral health follow-up visit. PHQ-9 score 2, consistent with minimal depressive symptoms. GAD-7 score 1. Current medications: buspirone. Patient reports taking medications as prescribed. Safety screening negative. Will coordinate with primary care."
N0688,E0688,P143,2023-10-09,"Outpatient behavioral health follow-up visit. PHQ-9 score 1, consistent with minimal depressive symptoms. GAD-7 score 3. Current medications: buspirone. Patient reports taking medications as prescribed. Safety screening negative. Will coordinate with primary care."
N0689,E0689,P143,2023-12-07,"Outpatient behavioral health follow-up visit. PHQ-9 score 0, consistent with minimal depressive symptoms. GAD-7 score 1. Current medications: buspirone. Patient reports taking medications as prescribed. Safety screening negative. Follow-up in four weeks."
N0690,E0690,P143,2024-04-24,"Outpatient behavioral health follow-up visit. PHQ-9 score 0, consistent with minimal depressive symptoms. GAD-7 score 0. Current medications: buspirone. Patient reports taking medications as prescribed. Safety screening negative. Follow-up in four weeks."
N0691,E0691,P143,2025-01-08,"Emergency visit for worsening depressed mood and inability to sleep for several days. PHQ-9 score 1, consistent with minimal depressive symptoms. GAD-7 score 0. Current medications: buspirone. Patient reports taking medications as prescribed. Safety screening negative. Follow-up in four weeks."
N0692,E0692,P143,2025-02-01,"Outpatient behavioral health follow-up visit. PHQ-9 score 0, consistent with minimal depressive symptoms. GAD-7 score 1. Current medications: buspirone. Patient reports taking medications as prescribed. Safety screening negative. Will coordinate with primary care."
N0693,E0693,P144,2023-06-12,"Outpatient behavioral health follow-up visit. PHQ-9 score 8, consistent with mild depressive symptoms. GAD-7 score 4. Current medications: escitalopram, metformin, trazodone. Patient reports taking medications as prescribed. Safety screening negative. Will coordinate with primary care."
N0694,E0694,P144,2023-12-20,"Outpatient behavioral health follow-up visit. PHQ-9 score 7, consistent with mild depressive symptoms. GAD-7 score 6. Current medications: escitalopram, metformin, trazodone. Patient reports taking medications as prescribed. Safety screening negative. Referred to psychotherapy."
N0695,E0695,P144,2024-11-23,"Outpatient behavioral health follow-up visit. PHQ-9 score 11, consistent with moderate depressive symptoms. GAD-7 score 8. Current medications: escitalopram, metformin, trazodone. Patient reports taking medications as prescribed. Safety screening negative. Follow-up in four weeks."
N0696,E0696,P144,2025-01-04,"Outpatient behavioral health follow-up visit. PHQ-9 score 11, consistent with moderate depressive symptoms. GAD-7 score 5. Current medications: escitalopram, metformin, trazodone. Patient reports taking medications as prescribed. Safety screening negative. Referred to psychotherapy."
N0697,E0697,P144,2025-03-05,"Outpatient behavioral health follow-up visit. PHQ-9 score 14, consistent with moderate depressive symptoms. GAD-7 score 11. Current medications: escitalopram, metformin, trazodone. Patient reports taking medications as prescribed. Safety screening negative. Follow-up in four weeks."
N0698,E0698,P144,2025-03-30,"Outpatient behavioral health follow-up visit. PHQ-9 score 16, consistent with moderately severe depressive symptoms. GAD-7 score 14. Current medications: escitalopram, metformin, trazodone. Patient reports taking medications as prescribed. Safety screening negative. Will coordinate with primary care."
N0699,E0699,P145,2023-09-23,"Outpatient behavioral health follow-up visit. PHQ-9 score 12, consistent with moderate depressive symptoms. GAD-7 score 11. Current medications: amlodipine, sertraline, trazodone. Patient reports taking medications as prescribed. Safety screening negative. Sleep hygiene counseling provided."
N0700,E0700,P145,2024-01-31,"Outpatient behavioral health follow-up visit. PHQ-9 score 13, consistent with moderate depressive symptoms. GAD-7 score 6. Current medications: amlodipine, sertraline, trazodone. Patient reports taking medications as prescribed. Safety screening negative. Sleep hygiene counseling provided."
N0701,E0701,P145,2024-05-18,"Patient presented to the emergency department with acute anxiety and chest tightness. PHQ-9 score 17, consistent with moderately severe depressive symptoms. GAD-7 score 11. Current medications: amlodipine, sertraline, trazodone. Patient reports taking medications as prescribed. Safety screening negative. Referred to psychotherapy."
N0702,E0702,P145,2024-06-14,"Outpatient behavioral health follow-up visit. PHQ-9 score 21, consistent with severe depressive symptoms. GAD-7 score 16. Current medications: amlodipine, sertraline, trazodone. Patient reports taking medications as prescribed. Safety screening negative. Referred to psychotherapy."
N0703,E0703,P145,2024-08-15,"Outpatient behavioral health follow-up visit. PHQ-9 score 22, consistent with severe depressive symptoms. GAD-7 score 18. Current medications: amlodipine, sertraline, trazodone. Patient reports taking medications as prescribed. Safety screening negative. Sleep hygiene counseling provided."
N0704,E0704,P146,2023-02-15,"Outpatient behavioral health follow-up visit. PHQ-9 score 4, consistent with minimal depressive symptoms. GAD-7 score 1. Current medications: trazodone. Patient reports frequently missing doses due to side effects. Safety screening negative. Follow-up in four weeks."
N0705,E0705,P146,2023-05-08,"Outpatient behavioral health follow-up visit. PHQ-9 score 4, consistent with minimal depressive symptoms. GAD-7 score 4. Current medications: trazodone. Patient reports frequently missing doses due to side effects. Safety screening negative. Will coordinate with primary care."
N0706,E0706,P146,2024-01-20,"Outpatient behavioral health follow-up visit. PHQ-9 score 9, consistent with mild depressive symptoms. GAD-7 score 7. Current medications: trazodone. Patient reports frequently missing doses due to side effects. Safety screening negative. Referred to psychotherapy."
N0707,E0707,P146,2024-07-18,"Outpatient behavioral health follow-up visit. PHQ-9 score 11, consistent with moderate depressive symptoms. GAD-7 score 4. Current medications: trazodone. Patient reports frequently missing doses due to side effects. Safety screening negative. Follow-up in four weeks."
N0708,E0708,P146,2024-10-20,"Outpatient behavioral health follow-up visit. PHQ-9 score 11, consistent with moderate depressive symptoms. GAD-7 score 6. Current medications: trazodone. Patient reports frequently missing doses due to side effects. Safety screening negative. Referred to psychotherapy."
N0709,E0709,P146,2024-12-04,"Outpatient behavioral health follow-up visit. PHQ-9 score 12, consistent with moderate depressive symptoms. GAD-7 score 9. Current medications: trazodone. Patient reports frequently missing doses due to side effects. Safety screening negative. Will coordinate with primary care."
N0710,E0710,P147,2023-10-12,"Outpatient behavioral health follow-up visit. PHQ-9 score 8, consistent with mild depressive symptoms. GAD-7 score 3. Current medications: lisinopril, lithium. Patient reports taking medications as prescribed. Safety screening negative. Sleep hygiene counseling provided."
N0711,E0711,P147,2023-12-23,"Outpatient behavioral health follow-up visit. PHQ-9 score 8, consistent with mild depressive symptoms. GAD-7 score 4. Current medications: lisinopril, lithium. Patient reports taking medications as prescribed. Safety screening negative. Sleep hygiene counseling provided."
N0712,E0712,P147,2024-04-18,"Outpatient behavioral health follow-up visit. PHQ-9 score 12, consistent with moderate depressive symptoms. GAD-7 score 11. Current medications: lisinopril, lithium. Patient reports taking medications as prescribed. Safety screening negative. Follow-up in four weeks."
N0713,E0713,P147,2025-02-13,"Patient admitted to the inpatient psychiatric unit for stabilization. PHQ-9 score 11, consistent with moderate depressive symptoms. GAD-7 score 5. Current medications: lisinopril, lithium. Patient reports taking medications as prescribed. Safety screening negative. Referred to psychotherapy."
N0714,E0714,P148,2023-03-04,"Outpatient behavioral health follow-up visit. PHQ-9 score 8, consistent with mild depressive symptoms. GAD-7 score 4. Current medications: trazodone. Patient reports frequently missing doses due to side effects. Safety screening negative. Sleep hygiene counseling provided."
N0715,E0715,P148,2023-04-04,"Outpatient behavioral health follow-up visit. PHQ-9 score 11, consistent with moderate depressive symptoms. GAD-7 score 9. Current medications: trazodone. Patient reports frequently missing doses due to side effects. Safety screening negative. Will coordinate with primary care."
N0716,E0716,P148,2023-05-01,"Outpatient behavioral health follow-up visit. PHQ-9 score 11, consistent with moderate depressive symptoms. GAD-7 score 10. Current medications: trazodone. Patient reports frequently missing doses due to side effects. Safety screening negative. Follow-up in four weeks."
N0717,E0717,P148,2023-05-31,"Emergency visit for worsening depressed mood and inability to sleep for several days. PHQ-9 score 15, consistent with moderately severe depressive symptoms. GAD-7 score 8. Current medications: trazodone. Patient reports frequently missing doses due to side effects. Safety screening negative. Follow-up in four weeks."
N0718,E0718,P148,2025-04-03,"Outpatient behavioral health follow-up visit. PHQ-9 score 14, consistent with moderate depressive symptoms. GAD-7 score 11. Current medications: trazodone. Patient reports frequently missing doses due to side effects. Safety screening negative. Will coordinate with primary care."
N0719,E0719,P148,2025-05-02,"Outpatient behavioral health follow-up visit. PHQ-9 score 16, consistent with moderately severe depressive symptoms. GAD-7 score 8. Current medications: trazodone. Patient reports frequently missing doses due to side effects. Safety screening negative. Sleep hygiene counseling provided."
N0720,E0720,P149,2023-01-13,"Outpatient behavioral health follow-up visit. PHQ-9 score 13, consistent with moderate depressive symptoms. GAD-7 score 11. Current medications: lisinopril, sertraline. Patient reports taking medications as prescribed. Safety screening negative. Follow-up in four weeks."
N0721,E0721,P149,2023-06-13,"Emergency visit for worsening depressed mood and inability to sleep for several days. PHQ-9 score 13, consistent with moderate depressive symptoms. GAD-7 score 10. Current medications: lisinopril, sertraline. Patient reports taking medications as prescribed. Safety screening negative. Follow-up in four weeks."
N0722,E0722,P149,2023-08-19,"Outpatient behavioral health follow-up visit. PHQ-9 score 10, consistent with moderate depressive symptoms. GAD-7 score 5. Current medications: lisinopril, sertraline. Patient reports taking medications as prescribed. Safety screening negative. Sleep hygiene counseling provided."
N0723,E0723,P149,2023-10-04,"Outpatient behavioral health follow-up visit. PHQ-9 score 10, consistent with moderate depressive symptoms. GAD-7 score 7. Current medications: lisinopril, sertraline. Patient reports taking medications as prescribed. Safety screening negative. Sleep hygiene counseling provided."
N0724,E0724,P149,2024-02-26,"Outpatient behavioral health follow-up visit. PHQ-9 score 7, consistent with mild depressive symptoms. GAD-7 score 1. Current medications: lisinopril, sertraline. Patient reports taking medications as prescribed. Safety screening negative. Sleep hygiene counseling provided."
N0725,E0725,P149,2024-09-08,"Outpatient behavioral health follow-up visit. PHQ-9 score 2, consistent with minimal depressive symptoms. GAD-7 score 3. Current medications: lisinopril, sertraline. Patient reports taking medications as prescribed. Safety screening negative. Will coordinate with primary care."
N0726,E0726,P149,2024-11-03,"Outpatient behavioral health follow-up visit. PHQ-9 score 3, consistent with minimal depressive symptoms. GAD-7 score 3. Current medications: lisinopril, sertraline. Patient reports taking medications as prescribed. Safety screening negative. Sleep hygiene counseling provided."
N0727,E0727,P150,2023-01-15,"Outpatient behavioral health follow-up visit. PHQ-9 score 9, consistent with mild depressive symptoms. GAD-7 score 6. Current medications: quetiapine, trazodone. Patient reports taking medications as prescribed. Safety screening negative. Sleep hygiene counseling provided."
N0728,E0728,P150,2023-03-05,"Outpatient behavioral health follow-up visit. PHQ-9 score 9, consistent with mild depressive symptoms. GAD-7 score 7. Current medications: quetiapine, trazodone. Patient reports taking medications as prescribed. Safety screening negative. Will coordinate with primary care."
N0729,E0729,P150,2024-04-22,"Patient brought to the emergency department after a panic episode at work. PHQ-9 score 5, consistent with mild depressive symptoms. GAD-7 score 1. Current medications: quetiapine, trazodone. Patient reports taking medications as prescribed. Safety screening negative. Will coordinate with primary care."
N0730,E0730,P150,2024-08-31,"Outpatient behavioral health follow-up visit. PHQ-9 score 4, consistent with minimal depressive symptoms. GAD-7 score 2. Current medications: quetiapine, trazodone. Patient reports taking medications as prescribed. Safety screening negative. Referred to psychotherapy."
N0731,E0731,P150,2025-01-31,"Outpatient behavioral health follow-up visit. PHQ-9 score 1, consistent with minimal depressive symptoms. GAD-7 score 0. Current medications: quetiapine, trazodone. Patient reports taking medications as prescribed. Safety screening negative. Will coordinate with primary care."
N0732,E0732,P151,2023-04-26,"Emergency visit for worsening depressed mood and inability to sleep for several days. PHQ-9 score 17, consistent with moderately severe depressive symptoms. GAD-7 score 9. Current medications: quetiapine. Patient reports taking medications as prescribed. Safety screening negative. Will coordinate with primary care."
N0733,E0733,P151,2023-04-27,"Outpatient behavioral health follow-up visit. PHQ-9 score 17, consistent with moderately severe depressive symptoms. GAD-7 score 14. Current medications: quetiapine. Patient reports taking medications as prescribed. Safety screening negative. Will coordinate with primary care."
N0734,E0734,P151,2024-07-07,"Outpatient behavioral health follow-up visit. PHQ-9 score 20, consistent with severe depressive symptoms. GAD-7 score 12. Current medications: quetiapine. Patient reports taking medications as prescribed. Safety screening positive for passive thoughts of death; safety plan reviewed and crisis resources provided. Follow-up in four weeks."
N0735,E0735,P151,2024-12-04,"Outpatient behavioral health follow-up visit. PHQ-9 score 21, consistent with severe depressive symptoms. GAD-7 score 16. Current medications: quetiapine. Patient reports taking medications as prescribed. Safety screening positive for passive thoughts of death; safety plan reviewed and crisis resources provided. Follow-up in four weeks."
N0736,E0736,P152,2023-01-24,"Outpatient behavioral health follow-up visit. PHQ-9 score 5, consistent with mild depressive symptoms. GAD-7 score 1. Current medications: amlodipine, trazodone. Patient reports taking medications as prescribed. Safety screening negative. Will coordinate with primary care."
N0737,E0737,P152,2024-04-13,"Outpatient behavioral health follow-up visit. PHQ-9 score 10, consistent with moderate depressive symptoms. GAD-7 score 7. Current medications: amlodipine, trazodone. Patient reports taking medications as prescribed. Safety screening negative. Sleep hygiene counseling provided."
N0738,E0738,P152,2024-07-18,"Patient presented to the emergency department with acute anxiety and chest tightness. PHQ-9 score 12, consistent with moderate depressive symptoms. GAD-7 score 10. Current medications: amlodipine, trazodone. Patient reports taking medications as prescribed. Safety screening negative. Will coordinate with primary care."
N0739,E0739,P153,2023-01-25,"Outpatient behavioral health follow-up visit. PHQ-9 score 6, consistent with mild depressive symptoms. GAD-7 score 7. Current medications: sertraline, trazodone. Patient reports taking medications as prescribed. Safety screening negative. Follow-up in four weeks."
N0740,E0740,P153,2023-03-02,"Outpatient behavioral health follow-up visit. PHQ-9 score 8, consistent with mild depressive symptoms. GAD-7 score 7. Current medications: sertraline, trazodone. Patient reports taking medications as prescribed. Safety screening negative. Will coordinate with primary care."
N0741,E0741,P153,2023-10-18,"Outpatient behavioral health follow-up visit. PHQ-9 score 6, consistent with mild depressive symptoms. GAD-7 score 5. Current medications: sertraline, trazodone. Patient reports taking medications as prescribed. Safety screening negative. Sleep hygiene counseling provided."
N0742,E0742,P153,2024-03-02,"Outpatient behavioral health follow-up visit. PHQ-9 score 8, consistent with mild depressive symptoms. GAD-7 score 7. Current medications: sertraline, trazodone. Patient reports taking medications as prescribed. Safety screening negative. Referred to psychotherapy."
N0743,E0743,P153,2024-09-02,"Outpatient behavioral health follow-up visit. PHQ-9 score 10, consistent with moderate depressive symptoms. GAD-7 score 7. Current medications: sertraline, trazodone. Patient reports taking medications as prescribed. Safety screening negative. Will coordinate with primary care."
N0744,E0744,P153,2025-01-26,"Outpatient behavioral health follow-up visit. PHQ-9 score 8, consistent with mild depressive symptoms. GAD-7 score 7. Current medications: sertraline, trazodone. Patient reports taking medications as prescribed. Safety screening negative. Sleep hygiene counseling provided."
N0745,E0745,P153,2025-02-26,"Outpatient behavioral health follow-up visit. PHQ-9 score 6, consistent with mild depressive symptoms. GAD-7 score 5. Current medications: sertraline, trazodone. Patient reports taking medications as prescribed. Safety screening negative. Sleep hygiene counseling provided."
N0746,E0746,P154,2023-04-17,"Outpatient behavioral health follow-up visit. PHQ-9 score 9, consistent with mild depressive symptoms. GAD-7 score 6. Current medications: trazodone. Patient reports frequently missing doses due to side effects. Safety screening negative. Follow-up in four weeks."
N0747,E0747,P154,2023-12-14,"Outpatient behavioral health follow-up visit. PHQ-9 score 9, consistent with mild depressive symptoms. GAD-7 score 5. Current medications: trazodone. Patient reports frequently missing doses due to side effects. Safety screening negative. Sleep hygiene counseling provided."
N0748,E0748,P154,2024-03-03,"Outpatient behavioral health follow-up visit. PHQ-9 score 14, consistent with moderate depressive symptoms. GAD-7 score 10. Current medications: trazodone. Patient reports frequently missing doses due to side effects. Safety screening negative. Follow-up in four weeks."
N0749,E0749,P154,2024-06-13,"Outpatient behavioral health follow-up visit. PHQ-9 score 12, consistent with moderate depressive symptoms. GAD-7 score 10. Current medications: trazodone. Patient reports frequently missing doses due to side effects. Safety screening negative. Follow-up in four weeks."
N0750,E0750,P154,2024-12-03,"Emergency visit for worsening depressed mood and inability to sleep for several days. PHQ-9 score 15, consistent with moderately severe depressive symptoms. GAD-7 score 7. Current medications: trazodone. Patient reports frequently missing doses due to side effects. Safety screening negative. Sleep hygiene counseling provided."
N0751,E0751,P155,2023-02-14,"Outpatient behavioral health follow-up visit. PHQ-9 score 5, consistent with mild depressive symptoms. GAD-7 score 1. Current medications: escitalopram. Patient reports taking medications as prescribed. Safety screening negative. Will coordinate with primary care."
N0752,E0752,P155,2023-06-12,"Outpatient behavioral health follow-up visit. PHQ-9 score 5, consistent with mild depressive symptoms. GAD-7 score 5. Current medications: escitalopram. Patient reports taking medications as prescribed. Safety screening negative. Sleep hygiene counseling provided."
N0753,E0753,P155,2023-11-20,"Outpatient behavioral health follow-up visit. PHQ-9 score 2, consistent with minimal depressive symptoms. GAD-7 score 0. Current medications: escitalopram. Patient reports taking medications as prescribed. Safety screening negative. Will coordinate with primary care."
N0754,E0754,P155,2024-01-31,"Outpatient behavioral health follow-up visit. PHQ-9 score 0, consistent with minimal depressive symptoms. GAD-7 score 0. Current medications: escitalopram. Patient reports taking medications as prescribed. Safety screening negative. Will coordinate with primary care."
N0755,E0755,P155,2024-05-07,"Outpatient behavioral health follow-up visit. PHQ-9 score 0, consistent with minimal depressive symptoms. GAD-7 score 3. Current medications: escitalopram. Patient reports taking medications as prescribed. Safety screening negative. Will coordinate with primary care."
N0756,E0756,P155,2024-07-05,"Outpatient behavioral health follow-up visit. PHQ-9 score 0, consistent with minimal depressive symptoms. GAD-7 score 1. Current medications: escitalopram. Patient reports taking medications as prescribed. Safety screening negative. Follow-up in four weeks."
N0757,E0757,P156,2023-05-05,"Outpatient behavioral health follow-up visit. PHQ-9 score 9, consistent with mild depressive symptoms. GAD-7 score 3. Current medications: acamprosate, bupropion, lithium. Patient reports taking medications as prescribed. Safety screening negative. Will coordinate with primary care."
N0758,E0758,P156,2023-06-18,"Emergency visit for worsening depressed mood and inability to sleep for several days. PHQ-9 score 7, consistent with mild depressive symptoms. GAD-7 score 6. Current medications: acamprosate, bupropion, lithium. Patient reports taking medications as prescribed. Safety screening negative. Follow-up in four weeks."
N0759,E0759,P156,2024-05-04,"Outpatient behavioral health follow-up visit. PHQ-9 score 5, consistent with mild depressive symptoms. GAD-7 score 0. Current medications: acamprosate, bupropion, lithium. Patient reports taking medications as prescribed. Safety screening negative. Sleep hygiene counseling provided."
N0760,E0760,P156,2024-05-27,"Outpatient behavioral health follow-up visit. PHQ-9 score 3, consistent with minimal depressive symptoms. GAD-7 score 0. Current medications: acamprosate, bupropion, lithium. Patient reports taking medications as prescribed. Safety screening negative. Referred to psychotherapy."
N0761,E0761,P157,2023-08-01,"Outpatient behavioral health follow-up visit. PHQ-9 score 7, consistent with mild depressive symptoms. GAD-7 score 5. Current medications: acamprosate, escitalopram. Patient reports frequently missing doses due to side effects. Safety screening negative. Sleep hygiene counseling provided."
N0762,E0762,P157,2023-10-24,"Outpatient behavioral health follow-up visit. PHQ-9 score 9, consistent with mild depressive symptoms. GAD-7 score 8. Current medications: acamprosate, escitalopram. Patient reports frequently missing doses due to side effects. Safety screening negative. Sleep hygiene counseling provided."
N0763,E0763,P157,2024-04-20,"Outpatient behavioral health follow-up visit. PHQ-9 score 8, consistent with mild depressive symptoms. GAD-7 score 4. Current medications: acamprosate, escitalopram. Patient reports frequently missing doses due to side effects. Safety screening negative. Referred to psychotherapy."
N0764,E0764,P157,2024-06-28,"Patient admitted to the inpatient psychiatric unit for stabilization. PHQ-9 score 9, consistent with mild depressive symptoms. GAD-7 score 4. Current medications: acamprosate, escitalopram. Patient reports frequently missing doses due to side effects. Safety screening negative. Will coordinate with primary care."
N0765,E0765,P157,2024-08-11,"Outpatient behavioral health follow-up visit. PHQ-9 score 6, consistent with mild depressive symptoms. GAD-7 score 3. Current medications: acamprosate, escitalopram. Patient reports frequently missing doses due to side effects. Safety screening negative. Sleep hygiene counseling provided."
N0766,E0766,P157,2024-08-17,"Patient admitted to the inpatient psychiatric unit for stabilization. PHQ-9 score 10, consistent with moderate depressive symptoms. GAD-7 score 5. Current medications: acamprosate, escitalopram. Patient reports frequently missing doses due to side effects. Safety screening negative. Follow-up in four weeks."
N0767,E0767,P157,2025-03-20,"Outpatient behavioral health follow-up visit. PHQ-9 score 10, consistent with moderate depressive symptoms. GAD-7 score 4. Current medications: acamprosate, escitalopram. Patient reports frequently missing doses due to side effects. Safety screening negative. Sleep hygiene counseling provided."
N0768,E0768,P158,2023-04-11,"Outpatient behavioral health follow-up visit. PHQ-9 score 3, consistent with minimal depressive symptoms. GAD-7 score 2. Current medications: prazosin. Patient reports frequently missing doses due to side effects. Safety screening negative. Will coordinate with primary care."
N0769,E0769,P158,2023-06-10,"Emergency visit for worsening depressed mood and inability to sleep for several days. PHQ-9 score 2, consistent with minimal depressive symptoms. GAD-7 score 0. Current medications: prazosin. Patient reports frequently missing doses due to side effects. Safety screening negative. Sleep hygiene counseling provided."
N0770,E0770,P158,2023-10-22,"Outpatient behavioral health follow-up visit. PHQ-9 score 0, consistent with minimal depressive symptoms. GAD-7 score 0. Current medications: prazosin. Patient reports frequently missing doses due to side effects. Safety screening negative. Referred to psychotherapy."
N0771,E0771,P158,2024-11-29,"Outpatient behavioral health follow-up visit. PHQ-9 score 0, consistent with minimal depressive symptoms. GAD-7 score 0. Current medications: prazosin. Patient reports frequently missing doses due to side effects. Safety screening negative. Follow-up in four weeks."
N0772,E0772,P159,2023-04-20,"Outpatient behavioral health follow-up visit. PHQ-9 score 0, consistent with minimal depressive symptoms. GAD-7 score 1. Current medications: acamprosate, lisinopril. Patient reports taking medications as prescribed. Safety screening negative. Referred to psychotherapy."
N0773,E0773,P159,2024-06-16,"Outpatient behavioral health follow-up visit. PHQ-9 score 5, consistent with mild depressive symptoms. GAD-7 score 5. Current medications: acamprosate, lisinopril. Patient reports taking medications as prescribed. Safety screening negative. Will coordinate with primary care."
N0774,E0774,P159,2025-02-12,"Outpatient behavioral health follow-up visit. PHQ-9 score 5, consistent with mild depressive symptoms. GAD-7 score 3. Current medications: acamprosate, lisinopril. Patient reports taking medications as prescribed. Safety screening negative. Referred to psychotherapy."
N0775,E0775,P159,2025-02-28,"Outpatient behavioral health follow-up visit. PHQ-9 score 10, consistent with moderate depressive symptoms. GAD-7 score 9. Current medications: acamprosate, lisinopril. Patient reports taking medications as prescribed. Safety screening negative. Referred to psychotherapy."
N0776,E0776,P159,2025-05-27,"Outpatient behavioral health follow-up visit. PHQ-9 score 11, consistent with moderate depressive symptoms. GAD-7 score 4. Current medications: acamprosate, lisinopril. Patient reports taking medications as prescribed. Safety screening negative. Sleep hygiene counseling provided."
N0777,E0777,P160,2023-01-27,"Patient admitted to the inpatient psychiatric unit for stabilization. PHQ-9 score 8, consistent with mild depressive symptoms. GAD-7 score 5. Current medications: lisinopril. Patient reports taking medications as prescribed. Safety screening negative. Follow-up in four weeks."
N0778,E0778,P160,2023-02-13,"Outpatient behavioral health follow-up visit. PHQ-9 score 4, consistent with minimal depressive symptoms. GAD-7 score 3. Current medications: lisinopril. Patient reports taking medications as prescribed. Safety screening negative. Will coordinate with primary care."
N0779,E0779,P160,2023-06-18,"Outpatient behavioral health follow-up visit. PHQ-9 score 1, consistent with minimal depressive symptoms. GAD-7 score 2. Current medications: lisinopril. Patient reports taking medications as prescribed. Safety screening negative. Referred to psychotherapy."
N0780,E0780,P160,2025-04-08,"Outpatient behavioral health follow-up visit. PHQ-9 score 0, consistent with minimal depressive symptoms. GAD-7 score 0. Current medications: lisinopril. Patient reports taking medications as prescribed. Safety screening negative. Sleep hygiene counseling provided."
N0781,E0781,P161,2023-02-03,"Outpatient behavioral health follow-up visit. PHQ-9 score 10, consistent with moderate depressive symptoms. GAD-7 score 8. Current medications: lithium, sertraline. Patient reports frequently missing doses due to side effects. Safety screening negative. Sleep hygiene counseling provided."
N0782,E0782,P161,2023-07-10,"Patient presented to the emergency department with acute anxiety and chest tightness. PHQ-9 score 5, consistent with mild depressive symptoms. GAD-7 score 5. Current medications: lithium, sertraline. Patient reports frequently missing doses due to side effects. Safety screening negative. Sleep hygiene counseling provided."
N0783,E0783,P161,2024-08-17,"Outpatient behavioral health follow-up visit. PHQ-9 score 3, consistent with minimal depressive symptoms. GAD-7 score 4. Current medications: lithium, sertraline. Patient reports frequently missing doses due to side effects. Safety screening negative. Follow-up in four weeks."
N0784,E0784,P161,2024-11-10,"Outpatient behavioral health follow-up visit. PHQ-9 score 4, consistent with minimal depressive symptoms. GAD-7 score 0. Current medications: lithium, sertraline. Patient reports frequently missing doses due to side effects. Safety screening negative. Will coordinate with primary care."
N0785,E0785,P161,2025-06-03,"Outpatient behavioral health follow-up visit. PHQ-9 score 0, consistent with minimal depressive symptoms. GAD-7 score 1. Current medications: lithium, sertraline. Patient reports frequently missing doses due to side effects. Safety screening negative. Sleep hygiene counseling provided."
N0786,E0786,P162,2023-04-30,"Outpatient behavioral health follow-up visit. PHQ-9 score 3, consistent with minimal depressive symptoms. GAD-7 score 0. Current medications: buspirone. Patient reports frequently missing doses due to side effects. Safety screening negative. Will coordinate with primary care."
N0787,E0787,P162,2023-07-10,"Outpatient behavioral health follow-up visit. PHQ-9 score 1, consistent with minimal depressive symptoms. GAD-7 score 0. Current medications: buspirone. Patient reports frequently missing doses due to side effects. Safety screening negative. Sleep hygiene counseling provided."
N0788,E0788,P162,2023-12-30,"Patient brought to the emergency department after a panic episode at work. PHQ-9 score 1, consistent with minimal depressive symptoms. GAD-7 score 3. Current medications: buspirone. Patient reports frequently missing doses due to side effects. Safety screening negative. Sleep hygiene counseling provided."
N0789,E0789,P162,2025-05-30,"Outpatient behavioral health follow-up visit. PHQ-9 score 0, consistent with minimal depressive symptoms. GAD-7 score 0. Current medications: buspirone. Patient reports frequently missing doses due to side effects. Safety screening negative. Will coordinate with primary care."
N0790,E0790,P163,2023-07-13,"Patient presented to the emergency department with acute anxiety and chest tightness. PHQ-9 score 6, consistent with mild depressive symptoms. GAD-7 score 4. Current medications: lisinopril, metformin. Patient reports taking medications as prescribed. Safety screening negative. Sleep hygiene counseling provided."
N0791,E0791,P163,2023-09-12,"Outpatient behavioral health follow-up visit. PHQ-9 score 6, consistent with mild depressive symptoms. GAD-7 score 7. Current medications: lisinopril, metformin. Patient reports taking medications as prescribed. Safety screening negative. Referred to psychotherapy."
N0792,E0792,P163,2024-04-05,"Outpatient behavioral health follow-up visit. PHQ-9 score 3, consistent with minimal depressive symptoms. GAD-7 score 0. Current medications: lisinopril, metformin. Patient reports taking medications as prescribed. Safety screening negative. Referred to psychotherapy."
N0793,E0793,P163,2024-08-05,"Outpatient behavioral health follow-up visit. PHQ-9 score 4, consistent with minimal depressive symptoms. GAD-7 score 3. Current medications: lisinopril, metformin. Patient reports taking medications as prescribed. Safety screening negative. Referred to psychotherapy."
N0794,E0794,P163,2024-11-08,"Outpatient behavioral health follow-up visit. PHQ-9 score 6, consistent with mild depressive symptoms. GAD-7 score 5. Current medications: lisinopril, metformin. Patient reports taking medications as prescribed. Safety screening negative. Will coordinate with primary care."
N0795,E0795,P163,2025-04-24,"Outpatient behavioral health follow-up visit. PHQ-9 score 3, consistent with minimal depressive symptoms. GAD-7 score 0. Current medications: lisinopril, metformin. Patient reports taking medications as prescribed. Safety screening negative. Sleep hygiene counseling provided."
N0796,E0796,P164,2023-04-23,"Patient presented to the emergency department with acute anxiety and chest tightness. PHQ-9 score 14, consistent with moderate depressive symptoms. GAD-7 score 6. Current medications: acamprosate, venlafaxine. Patient reports frequently missing doses due to side effects. Safety screening negative. Will coordinate with primary care."
N0797,E0797,P164,2023-04-24,"Outpatient behavioral health follow-up visit. PHQ-9 score 12, consistent with moderate depressive symptoms. GAD-7 score 7. Current medications: acamprosate, venlafaxine. Patient reports frequently missing doses due to side effects. Safety screening negative. Sleep hygiene counseling provided."
N0798,E0798,P164,2024-01-11,"Patient presented to the emergency department with acute anxiety and chest tightness. PHQ-9 score 12, consistent with moderate depressive symptoms. GAD-7 score 8. Current medications: acamprosate, venlafaxine. Patient reports frequently missing doses due to side effects. Safety screening negative. Follow-up in four weeks."
N0799,E0799,P164,2024-02-12,"Outpatient behavioral health follow-up visit. PHQ-9 score 10, consistent with moderate depressive symptoms. GAD-7 score 6. Current medications: acamprosate, venlafaxine. Patient reports frequently missing doses due to side effects. Safety screening negative. Sleep hygiene counseling provided."
N0800,E0800,P164,2024-08-19,"Outpatient behavioral health follow-up visit. PHQ-9 score 14, consistent with moderate depressive symptoms. GAD-7 score 8. Current medications: acamprosate, venlafaxine. Patient reports frequently missing doses due to side effects. Safety screening negative. Will coordinate with primary care."
N0801,E0801,P164,2024-09-04,"Outpatient behavioral health follow-up visit. PHQ-9 score 13, consistent with moderate depressive symptoms. GAD-7 score 7. Current medications: acamprosate, venlafaxine. Patient reports frequently missing doses due to side effects. Safety screening negative. Referred to psychotherapy."
N0802,E0802,P164,2024-12-13,"Outpatient behavioral health follow-up visit. PHQ-9 score 11, consistent with moderate depressive symptoms. GAD-7 score 9. Current medications: acamprosate, venlafaxine. Patient reports frequently missing doses due to side effects. Safety screening negative. Referred to psychotherapy."
N0803,E0803,P165,2023-01-05,"Outpatient behavioral health follow-up visit. PHQ-9 score 11, consistent with moderate depressive symptoms. GAD-7 score 6. Current medications: buspirone, trazodone, venlafaxine. Patient reports taking medications as prescribed. Safety screening negative. Sleep hygiene counseling provided."
N0804,E0804,P165,2024-01-15,"Patient brought to the emergency department after a panic episode at work. PHQ-9 score 9, consistent with mild depressive symptoms. GAD-7 score 5. Current medications: buspirone, trazodone, venlafaxine. Patient reports taking medications as prescribed. Safety screening negative. Sleep hygiene counseling provided."
N0805,E0805,P165,2024-10-17,"Outpatient behavioral health follow-up visit. PHQ-9 score 5, consistent with mild depressive symptoms. GAD-7 score 3. Current medications: buspirone, trazodone, venlafaxine. Patient reports taking medications as prescribed. Safety screening negative. Follow-up in four weeks."
N0806,E0806,P165,2024-11-27,"Outpatient behavioral health follow-up visit. PHQ-9 score 5, consistent with mild depressive symptoms. GAD-7 score 3. Current medications: buspirone, trazodone, venlafaxine. Patient reports taking medications as prescribed. Safety screening negative. Will coordinate with primary care."
N0807,E0807,P165,2025-02-09,"Outpatient behavioral health follow-up visit. PHQ-9 score 4, consistent with minimal depressive symptoms. GAD-7 score 1. Current medications: buspirone, trazodone, venlafaxine. Patient reports taking medications as prescribed. Safety screening negative. Will coordinate with primary care."
N0808,E0808,P166,2023-02-22,"Outpatient behavioral health follow-up visit. PHQ-9 score 13, consistent with moderate depressive symptoms. GAD-7 score 9. Current medications: sertraline, trazodone. Patient reports taking medications as prescribed. Safety screening negative. Follow-up in four weeks."
N0809,E0809,P166,2024-01-14,"Outpatient behavioral health follow-up visit. PHQ-9 score 15, consistent with moderately severe depressive symptoms. GAD-7 score 13. Current medications: sertraline, trazodone. Patient reports taking medications as prescribed. Safety screening negative. Sleep hygiene counseling provided."
N0810,E0810,P166,2024-03-31,"Outpatient behavioral health follow-up visit. PHQ-9 score 18, consistent with moderately severe depressive symptoms. GAD-7 score 11. Current medications: sertraline, trazodone. Patient reports taking medications as prescribed. Safety screening negative. Sleep hygiene counseling provided."
N0811,E0811,P166,2024-06-15,"Outpatient behavioral health follow-up visit. PHQ-9 score 21, consistent with severe depressive symptoms. GAD-7 score 11. Current medications: sertraline, trazodone. Patient reports taking medications as prescribed. Safety screening positive for passive thoughts of death; safety plan reviewed and crisis resources provided. Sleep hygiene counseling provided."
N0812,E0812,P167,2023-02-02,"Outpatient behavioral health follow-up visit. PHQ-9 score 10, consistent with moderate depressive symptoms. GAD-7 score 8. Current medications: bupropion, escitalopram, lisinopril, trazodone. Patient reports frequently missing doses due to side effects. Safety screening negative. Referred to psychotherapy."
N0813,E0813,P167,2023-03-06,"Outpatient behavioral health follow-up visit. PHQ-9 score 12, consistent with moderate depressive symptoms. GAD-7 score 11. Current medications: bupropion, escitalopram, lisinopril, trazodone. Patient reports frequently missing doses due to side effects. Safety screening negative. Follow-up in four weeks."
N0814,E0814,P167,2023-07-22,"Outpatient behavioral health follow-up visit. PHQ-9 score 8, consistent with mild depressive symptoms. GAD-7 score 4. Current medications: bupropion, escitalopram, lisinopril, trazodone. Patient reports frequently missing doses due to side effects. Safety screening negative. Follow-up in four weeks."
N0815,E0815,P167,2024-05-11,"Patient brought to the emergency department after a panic episode at work. PHQ-9 score 10, consistent with moderate depressive symptoms. GAD-7 score 5. Current medications: bupropion, escitalopram, lisinopril, trazodone. Patient reports frequently missing doses due to side effects. Safety screening negative. Referred to psychotherapy."
N0816,E0816,P168,2023-02-09,"Outpatient behavioral health follow-up visit. PHQ-9 score 4, consistent with minimal depressive symptoms. GAD-7 score 2. Current medications: amlodipine. Patient reports taking medications as prescribed. Safety screening negative. Will coordinate with primary care."
N0817,E0817,P168,2023-08-22,"Outpatient behavioral health follow-up visit. PHQ-9 score 2, consistent with minimal depressive symptoms. GAD-7 score 1. Current medications: amlodipine. Patient reports taking medications as prescribed. Safety screening negative. Referred to psychotherapy."
N0818,E0818,P168,2023-12-24,"Outpatient behavioral health follow-up visit. PHQ-9 score 3, consistent with minimal depressive symptoms. GAD-7 score 0. Current medications: amlodipine. Patient reports taking medications as prescribed. Safety screening negative. Will coordinate with primary care."
N0819,E0819,P168,2024-08-02,"Outpatient behavioral health follow-up visit. PHQ-9 score 1, consistent with minimal depressive symptoms. GAD-7 score 1. Current medications: amlodipine. Patient reports taking medications as prescribed. Safety screening negative. Will coordinate with primary care."
N0820,E0820,P168,2024-09-30,"Patient brought to the emergency department after a panic episode at work. PHQ-9 score 0, consistent with minimal depressive symptoms. GAD-7 score 1. Current medications: amlodipine. Patient reports taking medications as prescribed. Safety screening negative. Will coordinate with primary care."
N0821,E0821,P169,2023-05-22,"Outpatient behavioral health follow-up visit. PHQ-9 score 11, consistent with moderate depressive symptoms. GAD-7 score 6. Current medications: escitalopram, lithium, trazodone. Patient reports taking medications as prescribed. Safety screening negative. Referred to psychotherapy."
N0822,E0822,P169,2024-01-29,"Outpatient behavioral health follow-up visit. PHQ-9 score 14, consistent with moderate depressive symptoms. GAD-7 score 11. Current medications: escitalopram, lithium, trazodone. Patient reports taking medications as prescribed. Safety screening negative. Follow-up in four weeks."
N0823,E0823,P169,2024-05-17,"Outpatient behavioral health follow-up visit. PHQ-9 score 12, consistent with moderate depressive symptoms. GAD-7 score 8. Current medications: escitalopram, lithium, trazodone. Patient reports taking medications as prescribed. Safety screening negative. Referred to psychotherapy."
N0824,E0824,P169,2024-05-25,"Outpatient behavioral health follow-up visit. PHQ-9 score 10, consistent with moderate depressive symptoms. GAD-7 score 7. Current medications: escitalopram, lithium, trazodone. Patient reports taking medications as prescribed. Safety screening negative. Follow-up in four weeks."
N0825,E0825,P169,2024-11-13,"Outpatient behavioral health follow-up visit. PHQ-9 score 13, consistent with moderate depressive symptoms. GAD-7 score 8. Current medications: escitalopram, lithium, trazodone. Patient reports taking medications as prescribed. Safety screening negative. Will coordinate with primary care."
N0826,E0826,P169,2025-01-28,"Outpatient behavioral health follow-up visit. PHQ-9 score 10, consistent with moderate depressive symptoms. GAD-7 score 4. Current medications: escitalopram, lithium, trazodone. Patient reports taking medications as prescribed. Safety screening negative. Follow-up in four weeks."
N0827,E0827,P170,2023-02-06,"Outpatient behavioral health follow-up visit. PHQ-9 score 8, consistent with mild depressive symptoms. GAD-7 score 3. Current medications: sertraline. Patient reports taking medications as prescribed. Safety screening negative. Referred to psychotherapy."
N0828,E0828,P170,2023-03-31,"Outpatient behavioral health follow-up visit. PHQ-9 score 11, consistent with moderate depressive symptoms. GAD-7 score 4. Current medications: sertraline. Patient reports taking medications as prescribed. Safety screening negative. Referred to psychotherapy."
N0829,E0829,P170,2023-06-16,"Outpatient behavioral health follow-up visit. PHQ-9 score 9, consistent with mild depressive symptoms. GAD-7 score 8. Current medications: sertraline. Patient reports taking medications as prescribed. Safety screening negative. Follow-up in four weeks."
N0830,E0830,P170,2023-09-27,"Patient brought to the emergency department after a panic episode at work. PHQ-9 score 13, consistent with moderate depressive symptoms. GAD-7 score 8. Current medications: sertraline. Patient reports taking medications as prescribed. Safety screening negative. Referred to psychotherapy."
N0831,E0831,P170,2024-06-18,"Outpatient behavioral health follow-up visit. PHQ-9 score 14, consistent with moderate depressive symptoms. GAD-7 score 8. Current medications: sertraline. Patient reports taking medications as prescribed. Safety screening negative. Follow-up in four weeks."
N0832,E0832,P170,2025-03-29,"Outpatient behavioral health follow-up visit. PHQ-9 score 16, consistent with moderately severe depressive symptoms. GAD-7 score 8. Current medications: sertraline. Patient reports taking medications as prescribed. Safety screening negative. Sleep hygiene counseling provided."
N0833,E0833,P171,2023-09-02,"Outpatient behavioral health follow-up visit. PHQ-9 score 18, consistent with moderately severe depressive symptoms. GAD-7 score 13. Current medications: bupropion, naltrexone. Patient reports taking medications as prescribed. Safety screening negative. Will coordinate with primary care."
N0834,E0834,P171,2023-09-13,"Outpatient behavioral health follow-up visit. PHQ-9 score 14, consistent with moderate depressive symptoms. GAD-7 score 8. Current medications: bupropion, naltrexone. Patient reports taking medications as prescribed. Safety screening negative. Follow-up in four weeks."
N0835,E0835,P171,2025-03-08,"Outpatient behavioral health follow-up visit. PHQ-9 score 18, consistent with moderately severe depressive symptoms. GAD-7 score 13. Current medications: bupropion, naltrexone. Patient reports taking medications as prescribed. Safety screening negative. Referred to psychotherapy."
N0836,E0836,P172,2023-04-25,"Outpatient behavioral health follow-up visit. PHQ-9 score 0, consistent with minimal depressive symptoms. GAD-7 score 1. Current medications: metformin. Patient reports taking medications as prescribed. Safety screening negative. Will coordinate with primary care."
N0837,E0837,P172,2023-11-03,"Patient admitted to the inpatient psychiatric unit for stabilization. PHQ-9 score 3, consistent with minimal depressive symptoms. GAD-7 score 1. Current medications: metformin. Patient reports taking medications as prescribed. Safety screening negative. Follow-up in four weeks."
N0838,E0838,P172,2023-11-16,"Outpatient behavioral health follow-up visit. PHQ-9 score 6, consistent with mild depressive symptoms. GAD-7 score 4. Current medications: metformin. Patient reports taking medications as prescribed. Safety screening negative. Sleep hygiene counseling provided."
N0839,E0839,P172,2024-09-23,"Outpatient behavioral health follow-up visit. PHQ-9 score 7, consistent with mild depressive symptoms. GAD-7 score 2. Current medications: metformin. Patient reports taking medications as prescribed. Safety screening negative. Referred to psychotherapy."
N0840,E0840,P172,2025-01-30,"Outpatient behavioral health follow-up visit. PHQ-9 score 12, consistent with moderate depressive symptoms. GAD-7 score 8. Current medications: metformin. Patient reports taking medications as prescribed. Safety screening negative. Sleep hygiene counseling provided."
N0841,E0841,P172,2025-02-12,"Outpatient behavioral health follow-up visit. PHQ-9 score 14, consistent with moderate depressive symptoms. GAD-7 score 10. Current medications: metformin. Patient reports taking medications as prescribed. Safety screening negative. Referred to psychotherapy."
N0842,E0842,P173,2023-02-28,"Patient brought to the emergency department after a panic episode at work. PHQ-9 score 5, consistent with mild depressive symptoms. GAD-7 score 0. Current medications: lisinopril, metformin. Patient reports taking medications as prescribed. Safety screening negative. Will coordinate with primary care."
N0843,E0843,P173,2023-04-18,"Outpatient behavioral health follow-up visit. PHQ-9 score 5, consistent with mild depressive symptoms. GAD-7 score 5. Current medications: lisinopril, metformin. Patient reports taking medications as prescribed. Safety screening negative. Referred to psychotherapy."
N0844,E0844,P173,2023-10-19,"Patient presented to the emergency department with acute anxiety and chest tightness. PHQ-9 score 9, consistent with mild depressive symptoms. GAD-7 score 6. Current medications: lisinopril, metformin. Patient reports taking medications as prescribed. Safety screening negative. Referred to psychotherapy."
N0845,E0845,P173,2023-12-02,"Outpatient behavioral health follow-up visit. PHQ-9 score 11, consistent with moderate depressive symptoms. GAD-7 score 7. Current medications: lisinopril, metformin. Patient reports taking medications as prescribed. Safety screening negative. Referred to psychotherapy."
N0846,E0846,P173,2024-11-04,"Outpatient behavioral health follow-up visit. PHQ-9 score 13, consistent with moderate depressive symptoms. GAD-7 score 9. Current medications: lisinopril, metformin. Patient reports taking medications as prescribed. Safety screening negative. Will coordinate with primary care."
N0847,E0847,P173,2025-01-03,"Outpatient behavioral health follow-up visit. PHQ-9 score 15, consistent with moderately severe depressive symptoms. GAD-7 score 12. Current medications: lisinopril, metformin. Patient reports taking medications as prescribed. Safety screening negative. Referred to psychotherapy."
N0848,E0848,P173,2025-02-23,"Outpatient behavioral health follow-up visit. PHQ-9 score 15, consistent with moderately severe depressive symptoms. GAD-7 score 11. Current medications: lisinopril, metformin. Patient reports taking medications as prescribed. Safety screening negative. Follow-up in four weeks."
N0849,E0849,P174,2023-07-25,"Patient admitted to the inpatient psychiatric unit for stabilization. PHQ-9 score 6, consistent with mild depressive symptoms. GAD-7 score 5. Current medications: acamprosate, escitalopram. Patient reports frequently missing doses due to side effects. Safety screening negative. Follow-up in four weeks."
N0850,E0850,P174,2023-09-14,"Outpatient behavioral health follow-up visit. PHQ-9 score 7, consistent with mild depressive symptoms. GAD-7 score 7. Current medications: acamprosate, escitalopram. Patient reports frequently missing doses due to side effects. Safety screening negative. Sleep hygiene counseling provided."
N0851,E0851,P174,2024-06-06,"Outpatient behavioral health follow-up visit. PHQ-9 score 6, consistent with mild depressive symptoms. GAD-7 score 5. Current medications: acamprosate, escitalopram. Patient reports frequently missing doses due to side effects. Safety screening negative. Sleep hygiene counseling provided."
N0852,E0852,P174,2024-07-10,"Outpatient behavioral health follow-up visit. PHQ-9 score 8, consistent with mild depressive symptoms. GAD-7 score 3. Current medications: acamprosate, escitalopram. Patient reports frequently missing doses due to side effects. Safety screening negative. Follow-up in four weeks."
N0853,E0853,P174,2024-09-14,"Outpatient behavioral health follow-up visit. PHQ-9 score 7, consistent with mild depressive symptoms. GAD-7 score 2. Current medications: acamprosate, escitalopram. Patient reports frequently missing doses due to side effects. Safety screening negative. Follow-up in four weeks."
N0854,E0854,P174,2024-10-29,"Outpatient behavioral health follow-up visit. PHQ-9 score 5, consistent with mild depressive symptoms. GAD-7 score 2. Current medications: acamprosate, escitalopram. Patient reports frequently missing doses due to side effects. Safety screening negative. Follow-up in four weeks."
N0855,E0855,P175,2023-07-21,"Outpatient behavioral health follow-up visit. PHQ-9 score 3, consistent with minimal depressive symptoms. GAD-7 score 0. Current medications: escitalopram. Patient reports frequently missing doses due to side effects. Safety screening negative. Follow-up in four weeks."
N0856,E0856,P175,2024-11-22,"Outpatient behavioral health follow-up visit. PHQ-9 score 3, consistent with minimal depressive symptoms. GAD-7 score 3. Current medications: escitalopram. Patient reports frequently missing doses due to side effects. Safety screening negative. Sleep hygiene counseling provided."
N0857,E0857,P175,2025-03-30,"Outpatient behavioral health follow-up visit. PHQ-9 score 5, consistent with mild depressive symptoms. GAD-7 score 6. Current medications: escitalopram. Patient reports frequently missing doses due to side effects. Safety screening negative. Referred to psychotherapy."
N0858,E0858,P176,2023-05-30,"Outpatient behavioral health follow-up visit. PHQ-9 score 2, consistent with minimal depressive symptoms. GAD-7 score 2. Current medications: escitalopram. Patient reports taking medications as prescribed. Safety screening negative. Will coordinate with primary care."
N0859,E0859,P176,2024-07-28,"Outpatient behavioral health follow-up visit. PHQ-9 score 6, consistent with mild depressive symptoms. GAD-7 score 5. Current medications: escitalopram. Patient reports taking medications as prescribed. Safety screening negative. Will coordinate with primary care."
N0860,E0860,P176,2024-11-21,"Outpatient behavioral health follow-up visit. PHQ-9 score 4, consistent with minimal depressive symptoms. GAD-7 score 3. Current medications: escitalopram. Patient reports taking medications as prescribed. Safety screening negative. Sleep hygiene counseling provided."
N0861,E0861,P176,2025-04-24,"Outpatient behavioral health follow-up visit. PHQ-9 score 6, consistent with mild depressive symptoms. GAD-7 score 6. Current medications: escitalopram. Patient reports taking medications as prescribed. Safety screening negative. Will coordinate with primary care."
N0862,E0862,P177,2023-01-23,"Outpatient behavioral health follow-up visit. PHQ-9 score 9, consistent with mild depressive symptoms. GAD-7 score 8. Current medications: escitalopram. Patient reports taking medications as prescribed. Safety screening negative. Follow-up in four weeks."
N0863,E0863,P177,2023-10-17,"Outpatient behavioral health follow-up visit. PHQ-9 score 5, consistent with mild depressive symptoms. GAD-7 score 2. Current medications: escitalopram. Patient reports taking medications as prescribed. Safety screening negative. Sleep hygiene counseling provided."
N0864,E0864,P177,2024-04-09,"Outpatient behavioral health follow-up visit. PHQ-9 score 6, consistent with mild depressive symptoms. GAD-7 score 7. Current medications: escitalopram. Patient reports taking medications as prescribed. Safety screening negative. Will coordinate with primary care."
N0865,E0865,P177,2024-06-16,"Emergency visit for worsening depressed mood and inability to sleep for several days. PHQ-9 score 5, consistent with mild depressive symptoms. GAD-7 score 6. Current medications: escitalopram. Patient reports taking medications as prescribed. Safety screening negative. Follow-up in four weeks."
N0866,E0866,P177,2024-10-19,"Outpatient behavioral health follow-up visit. PHQ-9 score 6, consistent with mild depressive symptoms. GAD-7 score 2. Current medications: escitalopram. Patient reports taking medications as prescribed. Safety screening negative. Referred to psychotherapy."
N0867,E0867,P178,2023-02-20,"Outpatient behavioral health follow-up visit. PHQ-9 score 1, consistent with minimal depressive symptoms. GAD-7 score 0. Current medications: buspirone, trazodone. Patient reports frequently missing doses due to side effects. Safety screening negative. Sleep hygiene counseling provided."
N0868,E0868,P178,2024-05-09,"Outpatient behavioral health follow-up visit. PHQ-9 score 0, consistent with minimal depressive symptoms. GAD-7 score 3. Current medications: buspirone, trazodone. Patient reports frequently missing doses due to side effects. Safety screening negative. Referred to psychotherapy."
N0869,E0869,P178,2024-05-09,"Outpatient behavioral health follow-up visit. PHQ-9 score 0, consistent with minimal depressive symptoms. GAD-7 score 3. Current medications: buspirone, trazodone. Patient reports frequently missing doses due to side effects. Safety screening negative. Referred to psychotherapy."
N0870,E0870,P178,2024-09-25,"Outpatient behavioral health follow-up visit. PHQ-9 score 1, consistent with minimal depressive symptoms. GAD-7 score 0. Current medications: buspirone, trazodone. Patient reports frequently missing doses due to side effects. Safety screening negative. Referred to psychotherapy."
N0871,E0871,P179,2023-02-16,"Patient brought to the emergency department after a panic episode at work. PHQ-9 score 14, consistent with moderate depressive symptoms. GAD-7 score 8. Current medications: metformin, sertraline, trazodone. Patient reports frequently missing doses due to side effects. Safety screening negative. Will coordinate with primary care."
N0872,E0872,P179,2023-11-20,"Outpatient behavioral health follow-up visit. PHQ-9 score 15, consistent with moderately severe depressive symptoms. GAD-7 score 13. Current medications: metformin, sertraline, trazodone. Patient reports frequently missing doses due to side effects. Safety screening negative. Will coordinate with primary care."
N0873,E0873,P179,2024-01-11,"Outpatient behavioral health follow-up visit. PHQ-9 score 11, consistent with moderate depressive symptoms. GAD-7 score 4. Current medications: metformin, sertraline, trazodone. Patient reports frequently missing doses due to side effects. Safety screening negative. Will coordinate with primary care."
N0874,E0874,P179,2024-01-26,"Outpatient behavioral health follow-up visit. PHQ-9 score 10, consistent with moderate depressive symptoms. GAD-7 score 6. Current medications: metformin, sertraline, trazodone. Patient reports frequently missing doses due to side effects. Safety screening negative. Follow-up in four weeks."
N0875,E0875,P179,2024-06-07,"Outpatient behavioral health follow-up visit. PHQ-9 score 10, consistent with moderate depressive symptoms. GAD-7 score 4. Current medications: metformin, sertraline, trazodone. Patient reports frequently missing doses due to side effects. Safety screening negative. Sleep hygiene counseling provided."
N0876,E0876,P180,2023-06-04,"Outpatient behavioral health follow-up visit. PHQ-9 score 4, consistent with minimal depressive symptoms. GAD-7 score 0. Current medications: acamprosate. Patient reports taking medications as prescribed. Safety screening negative. Will coordinate with primary care."
N0877,E0877,P180,2023-11-02,"Outpatient behavioral health follow-up visit. PHQ-9 score 6, consistent with mild depressive symptoms. GAD-7 score 6. Current medications: acamprosate. Patient reports taking medications as prescribed. Safety screening negative. Will coordinate with primary care."
N0878,E0878,P180,2023-11-11,"Outpatient behavioral health follow-up visit. PHQ-9 score 4, consistent with minimal depressive symptoms. GAD-7 score 3. Current medications: acamprosate. Patient reports taking medications as prescribed. Safety screening negative. Sleep hygiene counseling provided."
N0879,E0879,P180,2024-01-16,"Outpatient behavioral health follow-up visit. PHQ-9 score 6, consistent with mild depressive symptoms. GAD-7 score 4. Current medications: acamprosate. Patient reports taking medications as prescribed. Safety screening negative. Referred to psychotherapy."
N0880,E0880,P180,2024-07-04,"Outpatient behavioral health follow-up visit. PHQ-9 score 10, consistent with moderate depressive symptoms. GAD-7 score 8. Current medications: acamprosate. Patient reports taking medications as prescribed. Safety screening negative. Follow-up in four weeks."
N0881,E0881,P180,2024-11-06,"Outpatient behavioral health follow-up visit. PHQ-9 score 10, consistent with moderate depressive symptoms. GAD-7 score 5. Current medications: acamprosate. Patient reports taking medications as prescribed. Safety screening negative. Will coordinate with primary care."
N0882,E0882,P180,2024-11-09,"Patient admitted to the inpatient psychiatric unit for stabilization. PHQ-9 score 16, consistent with moderately severe depressive symptoms. GAD-7 score 9. Current medications: acamprosate. Patient reports taking medications as prescribed. Safety screening negative. Referred to psychotherapy."
N0883,E0883,P181,2023-03-11,"Outpatient behavioral health follow-up visit. PHQ-9 score 17, consistent with moderately severe depressive symptoms. GAD-7 score 12. Current medications: naltrexone, quetiapine, trazodone. Patient reports taking medications as prescribed. Safety screening negative. Will coordinate with primary care."
N0884,E0884,P181,2023-10-18,"Outpatient behavioral health follow-up visit. PHQ-9 score 15, consistent with moderately severe depressive symptoms. GAD-7 score 11. Current medications: naltrexone, quetiapine, trazodone. Patient reports taking medications as prescribed. Safety screening negative. Follow-up in four weeks."
N0885,E0885,P181,2023-10-26,"Outpatient behavioral health follow-up visit. PHQ-9 score 17, consistent with moderately severe depressive symptoms. GAD-7 score 12. Current medications: naltrexone, quetiapine, trazodone. Patient reports taking medications as prescribed. Safety screening negative. Follow-up in four weeks."
N0886,E0886,P181,2025-01-21,"Outpatient behavioral health follow-up visit. PHQ-9 score 20, consistent with severe depressive symptoms. GAD-7 score 11. Current medications: naltrexone, quetiapine, trazodone. Patient reports taking medications as prescribed. Safety screening positive for passive thoughts of death; safety plan reviewed and crisis resources provided. Sleep hygiene counseling provided."
N0887,E0887,P182,2024-07-17,"Outpatient behavioral health follow-up visit. PHQ-9 score 5, consistent with mild depressive symptoms. GAD-7 score 6. Current medications: sertraline. Patient reports taking medications as prescribed. Safety screening negative. Follow-up in four weeks."
N0888,E0888,P182,2024-09-29,"Outpatient behavioral health follow-up visit. PHQ-9 score 6, consistent with mild depressive symptoms. GAD-7 score 1. Current medications: sertraline. Patient reports taking medications as prescribed. Safety screening negative. Follow-up in four weeks."
N0889,E0889,P182,2024-10-06,"Outpatient behavioral health follow-up visit. PHQ-9 score 3, consistent with minimal depressive symptoms. GAD-7 score 2. Current medications: sertraline. Patient reports taking medications as prescribed. Safety screening negative. Sleep hygiene counseling provided."
N0890,E0890,P182,2025-01-23,"Outpatient behavioral health follow-up visit. PHQ-9 score 1, consistent with minimal depressive symptoms. GAD-7 score 0. Current medications: sertraline. Patient reports taking medications as prescribed. Safety screening negative. Follow-up in four weeks."
N0891,E0891,P182,2025-01-24,"Outpatient behavioral health follow-up visit. PHQ-9 score 0, consistent with minimal depressive symptoms. GAD-7 score 0. Current medications: sertraline. Patient reports taking medications as prescribed. Safety screening negative. Will coordinate with primary care."
N0892,E0892,P182,2025-04-29,"Outpatient behavioral health follow-up visit. PHQ-9 score 0, consistent with minimal depressive symptoms. GAD-7 score 0. Current medications: sertraline. Patient reports taking medications as prescribed. Safety screening negative. Referred to psychotherapy."
N0893,E0893,P183,2023-06-03,"Outpatient behavioral health follow-up visit. PHQ-9 score 6, consistent with mild depressive symptoms. GAD-7 score 7. Current medications: sertraline. Patient reports taking medications as prescribed. Safety screening negative. Follow-up in four weeks."
N0894,E0894,P183,2023-06-04,"Emergency visit for worsening depressed mood and inability to sleep for several days. PHQ-9 score 4, consistent with minimal depressive symptoms. GAD-7 score 0. Current medications: sertraline. Patient reports taking medications as prescribed. Safety screening negative. Follow-up in four weeks."
N0895,E0895,P183,2023-09-25,"Outpatient behavioral health follow-up visit. PHQ-9 score 6, consistent with mild depressive symptoms. GAD-7 score 2. Current medications: sertraline. Patient reports taking medications as prescribed. Safety screening negative. Follow-up in four weeks."
N0896,E0896,P183,2023-11-30,"Patient brought to the emergency department after a panic episode at work. PHQ-9 score 4, consistent with minimal depressive symptoms. GAD-7 score 1. Current medications: sertraline. Patient reports taking medications as prescribed. Safety screening negative. Sleep hygiene counseling provided."
N0897,E0897,P183,2024-02-18,"Outpatient behavioral health follow-up visit. PHQ-9 score 0, consistent with minimal depressive symptoms. GAD-7 score 1. Current medications: sertraline. Patient reports taking medications as prescribed. Safety screening negative. Follow-up in four weeks."
N0898,E0898,P183,2025-01-20,"Outpatient behavioral health follow-up visit. PHQ-9 score 0, consistent with minimal depressive symptoms. GAD-7 score 0. Current medications: sertraline. Patient reports taking medications as prescribed. Safety screening negative. Referred to psychotherapy."
N0899,E0899,P184,2023-04-07,"Outpatient behavioral health follow-up visit. PHQ-9 score 13, consistent with moderate depressive symptoms. GAD-7 score 9. Current medications: bupropion, lisinopril, naltrexone, quetiapine, trazodone. Patient reports taking medications as prescribed. Safety screening negative. Referred to psychotherapy."
N0900,E0900,P184,2023-06-15,"Outpatient behavioral health follow-up visit. PHQ-9 score 12, consistent with moderate depressive symptoms. GAD-7 score 5. Current medications: bupropion, lisinopril, naltrexone, quetiapine, trazodone. Patient reports taking medications as prescribed. Safety screening negative. Referred to psychotherapy."
N0901,E0901,P184,2023-12-23,"Outpatient behavioral health follow-up visit. PHQ-9 score 18, consistent with moderately severe depressive symptoms. GAD-7 score 12. Current medications: bupropion, lisinopril, naltrexone, quetiapine, trazodone. Patient reports taking medications as prescribed. Safety screening negative. Will coordinate with primary care."
N0902,E0902,P184,2024-06-18,"Outpatient behavioral health follow-up visit. PHQ-9 score 19, consistent with moderately severe depressive symptoms. GAD-7 score 12. Current medications: bupropion, lisinopril, naltrexone, quetiapine, trazodone. Patient reports taking medications as prescribed. Safety screening negative. Follow-up in four weeks."
N0903,E0903,P184,2024-07-18,"Outpatient behavioral health follow-up visit. PHQ-9 score 21, consistent with severe depressive symptoms. GAD-7 score 16. Current medications: bupropion, lisinopril, naltrexone, quetiapine, trazodone. Patient reports taking medications as prescribed. Safety screening positive for passive thoughts of death; safety plan reviewed and crisis resources provided. Sleep hygiene counseling provided."
N0904,E0904,P184,2024-10-16,"Outpatient behavioral health follow-up visit. PHQ-9 score 20, consistent with severe depressive symptoms. GAD-7 score 11. Current medications: bupropion, lisinopril, naltrexone, quetiapine, trazodone. Patient reports taking medications as prescribed. Safety screening negative. Will coordinate with primary care."
N0905,E0905,P185,2023-05-07,"Patient admitted to the inpatient psychiatric unit for stabilization. PHQ-9 score 17, consistent with moderately severe depressive symptoms. GAD-7 score 14. Current medications: escitalopram, trazodone. Patient reports taking medications as prescribed. Safety screening negative. Sleep hygiene counseling provided."
N0906,E0906,P185,2024-03-17,"Patient brought to the emergency department after a panic episode at work. PHQ-9 score 20, consistent with severe depressive symptoms. GAD-7 score 13. Current medications: escitalopram, trazodone. Patient reports taking medications as prescribed. Safety screening negative. Will coordinate with primary care."
N0907,E0907,P185,2025-04-05,"Outpatient behavioral health follow-up visit. PHQ-9 score 20, consistent with severe depressive symptoms. GAD-7 score 16. Current medications: escitalopram, trazodone. Patient reports taking medications as prescribed. Safety screening negative. Follow-up in four weeks."
N0908,E0908,P186,2023-09-11,"Outpatient behavioral health follow-up visit. PHQ-9 score 3, consistent with minimal depressive symptoms. GAD-7 score 0. Current medications: acamprosate, buspirone, sertraline. Patient reports frequently missing doses due to side effects. Safety screening negative. Will coordinate with primary care."
N0909,E0909,P186,2024-06-09,"Outpatient behavioral health follow-up visit. PHQ-9 score 2, consistent with minimal depressive symptoms. GAD-7 score 0. Current medications: acamprosate, buspirone, sertraline. Patient reports frequently missing doses due to side effects. Safety screening negative. Sleep hygiene counseling provided."
N0910,E0910,P186,2024-11-17,"Outpatient behavioral health follow-up visit. PHQ-9 score 4, consistent with minimal depressive symptoms. GAD-7 score 1. Current medications: acamprosate, buspirone, sertraline. Patient reports frequently missing doses due to side effects. Safety screening negative. Follow-up in four weeks."
N0911,E0911,P186,2025-04-27,"Outpatient behavioral health follow-up visit. PHQ-9 score 2, consistent with minimal depressive symptoms. GAD-7 score 0. Current medications: acamprosate, buspirone, sertraline. Patient reports frequently missing doses due to side effects. Safety screening negative. Will coordinate with primary care."
N0912,E0912,P186,2025-06-08,"Outpatient behavioral health follow-up visit. PHQ-9 score 6, consistent with mild depressive symptoms. GAD-7 score 2. Current medications: acamprosate, buspirone, sertraline. Patient reports frequently missing doses due to side effects. Safety screening negative. Will coordinate with primary care."
N0913,E0913,P186,2025-06-11,"Outpatient behavioral health follow-up visit. PHQ-9 score 3, consistent with minimal depressive symptoms. GAD-7 score 5. Current medications: acamprosate, buspirone, sertraline. Patient reports frequently missing doses due to side effects. Safety screening negative. Referred to psychotherapy."
N0914,E0914,P187,2023-05-12,"Outpatient behavioral health follow-up visit. PHQ-9 score 12, consistent with moderate depressive symptoms. GAD-7 score 10. Current medications: buspirone, lisinopril, venlafaxine. Patient reports taking medications as prescribed. Safety screening negative. Referred to psychotherapy."
N0915,E0915,P187,2023-08-16,"Outpatient behavioral health follow-up visit. PHQ-9 score 10, consistent with moderate depressive symptoms. GAD-7 score 6. Current medications: buspirone, lisinopril, venlafaxine. Patient reports taking medications as prescribed. Safety screening negative. Referred to psychotherapy."
N0916,E0916,P187,2023-11-06,"Outpatient behavioral health follow-up visit. PHQ-9 score 8, consistent with mild depressive symptoms. GAD-7 score 6. Current medications: buspirone, lisinopril, venlafaxine. Patient reports taking medications as prescribed. Safety screening negative. Sleep hygiene counseling provided."
N0917,E0917,P187,2024-01-29,"Outpatient behavioral health follow-up visit. PHQ-9 score 8, consistent with mild depressive symptoms. GAD-7 score 3. Current medications: buspirone, lisinopril, venlafaxine. Patient reports taking medications as prescribed. Safety screening negative. Referred to psychotherapy."
N0918,E0918,P187,2024-06-26,"Outpatient behavioral health follow-up visit. PHQ-9 score 6, consistent with mild depressive symptoms. GAD-7 score 1. Current medications: buspirone, lisinopril, venlafaxine. Patient reports taking medications as prescribed. Safety screening negative. Sleep hygiene counseling provided."
N0919,E0919,P187,2024-11-23,"Outpatient behavioral health follow-up visit. PHQ-9 score 5, consistent with mild depressive symptoms. GAD-7 score 5. Current medications: buspirone, lisinopril, venlafaxine. Patient reports taking medications as prescribed. Safety screening negative. Referred to psychotherapy."
N0920,E0920,P187,2025-04-09,"Outpatient behavioral health follow-up visit. PHQ-9 score 2, consistent with minimal depressive symptoms. GAD-7 score 3. Current medications: buspirone, lisinopril, venlafaxine. Patient reports taking medications as prescribed. Safety screening negative. Will coordinate with primary care."
N0921,E0921,P188,2023-01-29,"Patient brought to the emergency department after a panic episode at work. PHQ-9 score 2, consistent with minimal depressive symptoms. GAD-7 score 4. Current medications: sertraline. Patient reports taking medications as prescribed. Safety screening negative. Will coordinate with primary care."
N0922,E0922,P188,2023-03-11,"Outpatient behavioral health follow-up visit. PHQ-9 score 3, consistent with minimal depressive symptoms. GAD-7 score 4. Current medications: sertraline. Patient reports taking medications as prescribed. Safety screening negative. Follow-up in four weeks."
N0923,E0923,P188,2023-05-08,"Outpatient behavioral health follow-up visit. PHQ-9 score 8, consistent with mild depressive symptoms. GAD-7 score 6. Current medications: sertraline. Patient reports taking medications as prescribed. Safety screening negative. Follow-up in four weeks."
N0924,E0924,P188,2024-08-03,"Patient admitted to the inpatient psychiatric unit for stabilization. PHQ-9 score 10, consistent with moderate depressive symptoms. GAD-7 score 4. Current medications: sertraline. Patient reports taking medications as prescribed. Safety screening negative. Sleep hygiene counseling provided."
N0925,E0925,P188,2025-02-02,"Outpatient behavioral health follow-up visit. PHQ-9 score 10, consistent with moderate depressive symptoms. GAD-7 score 7. Current medications: sertraline. Patient reports taking medications as prescribed. Safety screening negative. Sleep hygiene counseling provided."
N0926,E0926,P189,2023-01-06,"Outpatient behavioral health follow-up visit. PHQ-9 score 9, consistent with mild depressive symptoms. GAD-7 score 7. Current medications: bupropion, lisinopril, sertraline, trazodone. Patient reports taking medications as prescribed. Safety screening negative. Referred to psychotherapy."
N0927,E0927,P189,2023-07-11,"Outpatient behavioral health follow-up visit. PHQ-9 score 6, consistent with mild depressive symptoms. GAD-7 score 3. Current medications: bupropion, lisinopril, sertraline, trazodone. Patient reports taking medications as prescribed. Safety screening negative. Referred to psychotherapy."
N0928,E0928,P189,2023-12-15,"Outpatient behavioral health follow-up visit. PHQ-9 score 6, consistent with mild depressive symptoms. GAD-7 score 4. Current medications: bupropion, lisinopril, sertraline, trazodone. Patient reports taking medications as prescribed. Safety screening negative. Sleep hygiene counseling provided."
N0929,E0929,P189,2024-01-30,"Outpatient behavioral health follow-up visit. PHQ-9 score 4, consistent with minimal depressive symptoms. GAD-7 score 1. Current medications: bupropion, lisinopril, sertraline, trazodone. Patient reports taking medications as prescribed. Safety screening negative. Sleep hygiene counseling provided."
N0930,E0930,P189,2024-05-20,"Outpatient behavioral health follow-up visit. PHQ-9 score 0, consistent with minimal depressive symptoms. GAD-7 score 0. Current medications: bupropion, lisinopril, sertraline, trazodone. Patient reports taking medications as prescribed. Safety screening negative. Sleep hygiene counseling provided."
N0931,E0931,P189,2025-01-13,"Outpatient behavioral health follow-up visit. PHQ-9 score 0, consistent with minimal depressive symptoms. GAD-7 score 0. Current medications: bupropion, lisinopril, sertraline, trazodone. Patient reports taking medications as prescribed. Safety screening negative. Will coordinate with primary care."
N0932,E0932,P189,2025-05-30,"Outpatient behavioral health follow-up visit. PHQ-9 score 0, consistent with minimal depressive symptoms. GAD-7 score 3. Current medications: bupropion, lisinopril, sertraline, trazodone. Patient reports taking medications as prescribed. Safety screening negative. Referred to psychotherapy."
N0933,E0933,P190,2023-04-30,"Patient presented to the emergency department with acute anxiety and chest tightness. PHQ-9 score 6, consistent with mild depressive symptoms. GAD-7 score 5. Current medications: naltrexone, trazodone, venlafaxine. Patient reports frequently missing doses due to side effects. Safety screening negative. Referred to psychotherapy."
N0934,E0934,P190,2023-09-24,"Outpatient behavioral health follow-up visit. PHQ-9 score 8, consistent with mild depressive symptoms. GAD-7 score 6. Current medications: naltrexone, trazodone, venlafaxine. Patient reports frequently missing doses due to side effects. Safety screening negative. Referred to psychotherapy."
N0935,E0935,P190,2024-08-04,"Outpatient behavioral health follow-up visit. PHQ-9 score 4, consistent with minimal depressive symptoms. GAD-7 score 0. Current medications: naltrexone, trazodone, venlafaxine. Patient reports frequently missing doses due to side effects. Safety screening negative. Follow-up in four weeks."
N0936,E0936,P190,2025-01-05,"Outpatient behavioral health follow-up visit. PHQ-9 score 2, consistent with minimal depressive symptoms. GAD-7 score 0. Current medications: naltrexone, trazodone, venlafaxine. Patient reports frequently missing doses due to side effects. Safety screening negative. Follow-up in four weeks."
N0937,E0937,P190,2025-04-11,"Outpatient behavioral health follow-up visit. PHQ-9 score 2, consistent with minimal depressive symptoms. GAD-7 score 0. Current medications: naltrexone, trazodone, venlafaxine. Patient reports frequently missing doses due to side effects. Safety screening negative. Follow-up in four weeks."
N0938,E0938,P190,2025-04-19,"Outpatient behavioral health follow-up visit. PHQ-9 score 0, consistent with minimal depressive symptoms. GAD-7 score 2. Current medications: naltrexone, trazodone, venlafaxine. Patient reports frequently missing doses due to side effects. Safety screening negative. Follow-up in four weeks."
N0939,E0939,P190,2025-05-05,"Patient admitted to the inpatient psychiatric unit for stabilization. PHQ-9 score 0, consistent with minimal depressive symptoms. GAD-7 score 0. Current medications: naltrexone, trazodone, venlafaxine. Patient reports frequently missing doses due to side effects. Safety screening negative. Referred to psychotherapy."
N0940,E0940,P191,2023-02-27,"Outpatient behavioral health follow-up visit. PHQ-9 score 2, consistent with minimal depressive symptoms. GAD-7 score 0. Current medications: sertraline, trazodone. Patient reports taking medications as prescribed. Safety screening negative. Follow-up in four weeks."
N0941,E0941,P191,2023-05-01,"Outpatient behavioral health follow-up visit. PHQ-9 score 0, consistent with minimal depressive symptoms. GAD-7 score 0. Current medications: sertraline, trazodone. Patient reports taking medications as prescribed. Safety screening negative. Referred to psychotherapy."
N0942,E0942,P191,2024-07-30,"Outpatient behavioral health follow-up visit. PHQ-9 score 3, consistent with minimal depressive symptoms. GAD-7 score 2. Current medications: sertraline, trazodone. Patient reports taking medications as prescribed. Safety screening negative. Follow-up in four weeks."
N0943,E0943,P192,2023-01-01,"Outpatient behavioral health follow-up visit. PHQ-9 score 4, consistent with minimal depressive symptoms. GAD-7 score 5. Current medications: amlodipine, sertraline, trazodone. Patient reports frequently missing doses due to side effects. Safety screening negative. Referred to psychotherapy."
N0944,E0944,P192,2023-11-12,"Patient presented to the emergency department with acute anxiety and chest tightness. PHQ-9 score 6, consistent with mild depressive symptoms. GAD-7 score 6. Current medications: amlodipine, sertraline, trazodone. Patient reports frequently missing doses due to side effects. Safety screening negative. Sleep hygiene counseling provided."
N0945,E0945,P192,2023-12-22,"Outpatient behavioral health follow-up visit. PHQ-9 score 2, consistent with minimal depressive symptoms. GAD-7 score 1. Current medications: amlodipine, sertraline, trazodone. Patient reports frequently missing doses due to side effects. Safety screening negative. Referred to psychotherapy."
N0946,E0946,P193,2023-01-28,"Outpatient behavioral health follow-up visit. PHQ-9 score 10, consistent with moderate depressive symptoms. GAD-7 score 10. Current medications: amlodipine, bupropion, trazodone. Patient reports taking medications as prescribed. Safety screening negative. Will coordinate with primary care."
N0947,E0947,P193,2023-11-23,"Outpatient behavioral health follow-up visit. PHQ-9 score 12, consistent with moderate depressive symptoms. GAD-7 score 5. Current medications: amlodipine, bupropion, trazodone. Patient reports taking medications as prescribed. Safety screening negative. Sleep hygiene counseling provided."
N0948,E0948,P193,2024-04-21,"Outpatient behavioral health follow-up visit. PHQ-9 score 12, consistent with moderate depressive symptoms. GAD-7 score 10. Current medications: amlodipine, bupropion, trazodone. Patient reports taking medications as prescribed. Safety screening negative. Referred to psychotherapy."
N0949,E0949,P193,2025-02-26,"Outpatient behavioral health follow-up visit. PHQ-9 score 11, consistent with moderate depressive symptoms. GAD-7 score 10. Current medications: amlodipine, bupropion, trazodone. Patient reports taking medications as prescribed. Safety screening negative. Sleep hygiene counseling provided."
N0950,E0950,P194,2023-11-05,"Outpatient behavioral health follow-up visit. PHQ-9 score 1, consistent with minimal depressive symptoms. GAD-7 score 2. Current medications: sertraline, trazodone. Patient reports taking medications as prescribed. Safety screening negative. Referred to psychotherapy."
N0951,E0951,P194,2024-03-04,"Outpatient behavioral health follow-up visit. PHQ-9 score 4, consistent with minimal depressive symptoms. GAD-7 score 0. Current medications: sertraline, trazodone. Patient reports taking medications as prescribed. Safety screening negative. Sleep hygiene counseling provided."
N0952,E0952,P194,2024-04-11,"Outpatient behavioral health follow-up visit. PHQ-9 score 6, consistent with mild depressive symptoms. GAD-7 score 1. Current medications: sertraline, trazodone. Patient reports taking medications as prescribed. Safety screening negative. Follow-up in four weeks."
N0953,E0953,P194,2024-10-18,"Outpatient behavioral health follow-up visit. PHQ-9 score 9, consistent with mild depressive symptoms. GAD-7 score 3. Current medications: sertraline, trazodone. Patient reports taking medications as prescribed. Safety screening negative. Sleep hygiene counseling provided."
N0954,E0954,P194,2024-12-30,"Outpatient behavioral health follow-up visit. PHQ-9 score 7, consistent with mild depressive symptoms. GAD-7 score 4. Current medications: sertraline, trazodone. Patient reports taking medications as prescribed. Safety screening negative. Sleep hygiene counseling provided."
N0955,E0955,P194,2025-01-02,"Patient admitted to the inpatient psychiatric unit for stabilization. PHQ-9 score 10, consistent with moderate depressive symptoms. GAD-7 score 8. Current medications: sertraline, trazodone. Patient reports taking medications as prescribed. Safety screening negative. Sleep hygiene counseling provided."
N0956,E0956,P194,2025-01-27,"Outpatient behavioral health follow-up visit. PHQ-9 score 11, consistent with moderate depressive symptoms. GAD-7 score 7. Current medications: sertraline, trazodone. Patient reports taking medications as prescribed. Safety screening negative. Will coordinate with primary care."
N0957,E0957,P195,2024-11-11,"Outpatient behavioral health follow-up visit. PHQ-9 score 10, consistent with moderate depressive symptoms. GAD-7 score 10. Current medications: lisinopril, sertraline. Patient reports taking medications as prescribed. Safety screening negative. Follow-up in four weeks."
N0958,E0958,P195,2025-04-11,"Outpatient behavioral health follow-up visit. PHQ-9 score 9, consistent with mild depressive symptoms. GAD-7 score 9. Current medications: lisinopril, sertraline. Patient reports taking medications as prescribed. Safety screening negative. Follow-up in four weeks."
N0959,E0959,P195,2025-04-19,"Outpatient behavioral health follow-up visit. PHQ-9 score 5, consistent with mild depressive symptoms. GAD-7 score 4. Current medications: lisinopril, sertraline. Patient reports taking medications as prescribed. Safety screening negative. Sleep hygiene counseling provided."
N0960,E0960,P196,2023-03-04,"Outpatient behavioral health follow-up visit. PHQ-9 score 16, consistent with moderately severe depressive symptoms. GAD-7 score 12. Current medications: venlafaxine. Patient reports frequently missing doses due to side effects. Safety screening negative. Will coordinate with primary care."
N0961,E0961,P196,2023-07-07,"Outpatient behavioral health follow-up visit. PHQ-9 score 15, consistent with moderately severe depressive symptoms. GAD-7 score 7. Current medications: venlafaxine. Patient reports frequently missing doses due to side effects. Safety screening negative. Will coordinate with primary care."
N0962,E0962,P196,2023-09-23,"Outpatient behavioral health follow-up visit. PHQ-9 score 15, consistent with moderately severe depressive symptoms. GAD-7 score 11. Current medications: venlafaxine. Patient reports frequently missing doses due to side effects. Safety screening negative. Will coordinate with primary care."
N0963,E0963,P196,2024-03-16,"Outpatient behavioral health follow-up visit. PHQ-9 score 13, consistent with moderate depressive symptoms. GAD-7 score 10. Current medications: venlafaxine. Patient reports frequently missing doses due to side effects. Safety screening negative. Sleep hygiene counseling provided."
N0964,E0964,P196,2024-05-26,"Outpatient behavioral health follow-up visit. PHQ-9 score 15, consistent with moderately severe depressive symptoms. GAD-7 score 9. Current medications: venlafaxine. Patient reports frequently missing doses due to side effects. Safety screening negative. Follow-up in four weeks."
N0965,E0965,P196,2024-06-01,"Patient brought to the emergency department after a panic episode at work. PHQ-9 score 15, consistent with moderately severe depressive symptoms. GAD-7 score 13. Current medications: venlafaxine. Patient reports frequently missing doses due to side effects. Safety screening negative. Sleep hygiene counseling provided."
N0966,E0966,P196,2025-04-27,"Outpatient behavioral health follow-up visit. PHQ-9 score 13, consistent with moderate depressive symptoms. GAD-7 score 6. Current medications: venlafaxine. Patient reports frequently missing doses due to side effects. Safety screening negative. Referred to psychotherapy."
N0967,E0967,P197,2023-05-28,"Outpatient behavioral health follow-up visit. PHQ-9 score 18, consistent with moderately severe depressive symptoms. GAD-7 score 15. Current medications: escitalopram, trazodone. Patient reports taking medications as prescribed. Safety screening negative. Sleep hygiene counseling provided."
N0968,E0968,P197,2023-09-07,"Outpatient behavioral health follow-up visit. PHQ-9 score 16, consistent with moderately severe depressive symptoms. GAD-7 score 13. Current medications: escitalopram, trazodone. Patient reports taking medications as prescribed. Safety screening negative. Follow-up in four weeks."
N0969,E0969,P197,2023-10-08,"Outpatient behavioral health follow-up visit. PHQ-9 score 11, consistent with moderate depressive symptoms. GAD-7 score 5. Current medications: escitalopram, trazodone. Patient reports taking medications as prescribed. Safety screening negative. Referred to psychotherapy."
N0970,E0970,P197,2024-02-03,"Outpatient behavioral health follow-up visit. PHQ-9 score 13, consistent with moderate depressive symptoms. GAD-7 score 8. Current medications: escitalopram, trazodone. Patient reports taking medications as prescribed. Safety screening negative. Follow-up in four weeks."
N0971,E0971,P197,2024-05-05,"Outpatient behavioral health follow-up visit. PHQ-9 score 7, consistent with mild depressive symptoms. GAD-7 score 3. Current medications: escitalopram, trazodone. Patient reports taking medications as prescribed. Safety screening negative. Sleep hygiene counseling provided."
N0972,E0972,P197,2024-07-31,"Outpatient behavioral health follow-up visit. PHQ-9 score 5, consistent with mild depressive symptoms. GAD-7 score 4. Current medications: escitalopram, trazodone. Patient reports taking medications as prescribed. Safety screening negative. Referred to psychotherapy."
N0973,E0973,P198,2024-02-05,"Outpatient behavioral health follow-up visit. PHQ-9 score 7, consistent with mild depressive symptoms. GAD-7 score 3. Current medications: amlodipine. Patient reports taking medications as prescribed. Safety screening negative. Will coordinate with primary care."
N0974,E0974,P198,2024-06-15,"Emergency visit for worsening depressed mood and inability to sleep for several days. PHQ-9 score 9, consistent with mild depressive symptoms. GAD-7 score 8. Current medications: amlodipine. Patient reports taking medications as prescribed. Safety screening negative. Follow-up in four weeks."
N0975,E0975,P198,2024-10-22,"Outpatient behavioral health follow-up visit. PHQ-9 score 10, consistent with moderate depressive symptoms. GAD-7 score 9. Current medications: amlodipine. Patient reports taking medications as prescribed. Safety screening negative. Referred to psychotherapy."
N0976,E0976,P199,2024-04-09,"Outpatient behavioral health follow-up visit. PHQ-9 score 12, consistent with moderate depressive symptoms. GAD-7 score 7. Current medications: bupropion, buspirone. Patient reports taking medications as prescribed. Safety screening negative. Will coordinate with primary care."
N0977,E0977,P199,2024-06-06,"Outpatient behavioral health follow-up visit. PHQ-9 score 16, consistent with moderately severe depressive symptoms. GAD-7 score 14. Current medications: bupropion, buspirone. Patient reports taking medications as prescribed. Safety screening negative. Sleep hygiene counseling provided."
N0978,E0978,P199,2024-07-15,"Outpatient behavioral health follow-up visit. PHQ-9 score 13, consistent with moderate depressive symptoms. GAD-7 score 11. Current medications: bupropion, buspirone. Patient reports taking medications as prescribed. Safety screening negative. Sleep hygiene counseling provided."
N0979,E0979,P199,2025-03-24,"Outpatient behavioral health follow-up visit. PHQ-9 score 16, consistent with moderately severe depressive symptoms. GAD-7 score 8. Current medications: bupropion, buspirone. Patient reports taking medications as prescribed. Safety screening negative. Will coordinate with primary care."
N0980,E0980,P200,2023-02-09,"Outpatient behavioral health follow-up visit. PHQ-9 score 6, consistent with mild depressive symptoms. GAD-7 score 7. Current medications: amlodipine, metformin, sertraline. Patient reports frequently missing doses due to side effects. Safety screening negative. Will coordinate with primary care."
N0981,E0981,P200,2023-11-08,"Outpatient behavioral health follow-up visit. PHQ-9 score 6, consistent with mild depressive symptoms. GAD-7 score 3. Current medications: amlodipine, metformin, sertraline. Patient reports frequently missing doses due to side effects. Safety screening negative. Will coordinate with primary care."
N0982,E0982,P200,2025-01-11,"Outpatient behavioral health follow-up visit. PHQ-9 score 10, consistent with moderate depressive symptoms. GAD-7 score 9. Current medications: amlodipine, metformin, sertraline. Patient reports frequently missing doses due to side effects. Safety screening negative. Follow-up in four weeks."
